Transaction_ID,ATM_ID,City,Transaction_Date,Transaction_Type,Amount_INR,Response_Code,Location_Type,Weekday,Remaining_Cash,Refill_Required,ATM_Status
TXN00001,ATM_BAN_014,Bangalore,26-03-2024 22:05,PIN Change,2000,55,Rural,Tuesday,127658,No,Active
TXN00002,ATM_DEL_015,Delhi,11-07-2024 07:04,Cash Deposit,15000,0,Urban,Thursday,176519,No,Active
TXN00003,ATM_PUN_004,Pune,18-05-2024 17:44,Cash Deposit,10000,0,Urban,Saturday,273020,No,Active
TXN00004,ATM_PUN_014,Pune,12-05-2025 06:38,PIN Change,5000,0,Semi-Urban,Monday,127595,No,Active
TXN00005,ATM_PUN_001,Pune,02-02-2025 11:08,Balance Inquiry,10000,0,Rural,Sunday,152673,No,Active
TXN00006,ATM_BAN_003,Bangalore,11-11-2024 22:14,Balance Inquiry,15000,0,Urban,Monday,87768,Yes,Down
TXN00007,ATM_DEL_012,Delhi,08-01-2025 14:33,PIN Change,500,0,Rural,Wednesday,466256,No,Down
TXN00008,ATM_HYD_010,Hyderabad,14-10-2024 08:42,Fund Transfer,15000,0,Rural,Monday,294184,No,Active
TXN00009,ATM_BAN_004,Bangalore,19-10-2024 15:50,Mini Statement,500,51,Rural,Saturday,459242,No,Active
TXN00010,ATM_KOL_002,Kolkata,04-05-2024 12:37,Balance Inquiry,500,0,Semi-Urban,Saturday,321333,No,Active
TXN00011,ATM_MUM_005,Mumbai,06-02-2024 13:47,Fund Transfer,5000,51,Urban,Tuesday,82653,Yes,Active
TXN00012,ATM_CHE_008,Chennai,28-01-2024 02:00,Balance Inquiry,1000,0,Rural,Sunday,378326,No,Active
TXN00013,ATM_BAN_007,Bangalore,04-01-2025 15:31,Fund Transfer,10000,0,Semi-Urban,Saturday,496947,No,Down
TXN00014,ATM_DEL_013,Delhi,03-07-2024 23:03,PIN Change,15000,0,Semi-Urban,Wednesday,478021,No,Active
TXN00015,ATM_PUN_001,Pune,03-04-2024 09:14,Mini Statement,1000,0,Urban,Wednesday,420957,No,Active
TXN00016,ATM_KOL_002,Kolkata,31-05-2024 22:09,Mini Statement,500,0,Rural,Friday,235017,No,Down
TXN00017,ATM_KOL_009,Kolkata,10-07-2024 13:21,Fund Transfer,2000,0,Urban,Wednesday,71100,Yes,Down
TXN00018,ATM_BAN_007,Bangalore,16-02-2024 09:01,Balance Inquiry,20000,0,Urban,Friday,421290,No,Active
TXN00019,ATM_HYD_015,Hyderabad,01-02-2024 15:54,Fund Transfer,20000,0,Rural,Thursday,347993,No,Down
TXN00020,ATM_MUM_001,Mumbai,13-10-2024 17:39,Cash Deposit,20000,0,Semi-Urban,Sunday,424397,No,Active
TXN00021,ATM_KOL_001,Kolkata,14-03-2025 05:08,Fund Transfer,10000,51,Urban,Friday,307739,No,Active
TXN00022,ATM_PUN_002,Pune,18-02-2024 05:26,Fund Transfer,15000,96,Semi-Urban,Sunday,341325,No,Active
TXN00023,ATM_BAN_006,Bangalore,29-03-2025 13:39,Cash Deposit,10000,0,Semi-Urban,Saturday,298102,No,Active
TXN00024,ATM_KOL_014,Kolkata,28-01-2024 17:01,Fund Transfer,2000,0,Rural,Sunday,58072,Yes,Active
TXN00025,ATM_HYD_011,Hyderabad,03-06-2024 20:03,Cash Withdrawal,2000,0,Urban,Monday,315779,No,Down
TXN00026,ATM_MUM_003,Mumbai,01-01-2025 02:08,Balance Inquiry,15000,96,Semi-Urban,Wednesday,53598,Yes,Down
TXN00027,ATM_DEL_002,Delhi,11-12-2024 14:30,Balance Inquiry,15000,96,Semi-Urban,Wednesday,286164,No,Active
TXN00028,ATM_HYD_014,Hyderabad,22-03-2024 09:42,Balance Inquiry,15000,0,Urban,Friday,389309,No,Active
TXN00029,ATM_MUM_001,Mumbai,31-01-2024 15:49,Mini Statement,20000,0,Urban,Wednesday,179759,No,Active
TXN00030,ATM_CHE_006,Chennai,21-03-2024 07:41,Balance Inquiry,2000,55,Semi-Urban,Thursday,395194,No,Active
TXN00031,ATM_MUM_004,Mumbai,26-05-2024 18:01,Cash Withdrawal,2000,55,Urban,Sunday,85418,Yes,Active
TXN00032,ATM_BAN_001,Bangalore,02-12-2024 12:52,Cash Withdrawal,500,0,Semi-Urban,Monday,467256,No,Active
TXN00033,ATM_DEL_002,Delhi,02-02-2025 17:40,Fund Transfer,2000,0,Rural,Sunday,142122,No,Active
TXN00034,ATM_PUN_001,Pune,27-08-2024 18:09,Balance Inquiry,500,0,Urban,Tuesday,295964,No,Active
TXN00035,ATM_HYD_013,Hyderabad,22-05-2024 19:22,Mini Statement,10000,0,Urban,Wednesday,57702,Yes,Active
TXN00036,ATM_MUM_006,Mumbai,07-09-2024 02:17,Balance Inquiry,1000,0,Rural,Saturday,423494,No,Down
TXN00037,ATM_CHE_008,Chennai,03-05-2025 08:15,Cash Deposit,1000,0,Semi-Urban,Saturday,178175,No,Active
TXN00038,ATM_KOL_012,Kolkata,05-10-2024 23:10,Cash Deposit,20000,0,Rural,Saturday,338230,No,Active
TXN00039,ATM_PUN_006,Pune,07-11-2024 13:59,Balance Inquiry,500,0,Semi-Urban,Thursday,347742,No,Down
TXN00040,ATM_HYD_014,Hyderabad,16-06-2024 14:32,Cash Withdrawal,10000,0,Urban,Sunday,387900,No,Active
TXN00041,ATM_KOL_010,Kolkata,04-08-2024 19:39,PIN Change,10000,0,Semi-Urban,Sunday,349017,No,Active
TXN00042,ATM_CHE_004,Chennai,30-09-2024 21:46,PIN Change,2000,0,Semi-Urban,Monday,387214,No,Active
TXN00043,ATM_CHE_002,Chennai,05-12-2024 03:20,Balance Inquiry,5000,0,Rural,Thursday,482816,No,Down
TXN00044,ATM_DEL_008,Delhi,17-09-2024 17:07,Mini Statement,10000,55,Semi-Urban,Tuesday,274983,No,Active
TXN00045,ATM_CHE_005,Chennai,31-01-2025 09:34,Mini Statement,10000,0,Urban,Friday,485852,No,Active
TXN00046,ATM_HYD_009,Hyderabad,17-06-2024 12:22,Cash Withdrawal,2000,0,Urban,Monday,72889,Yes,Active
TXN00047,ATM_KOL_005,Kolkata,13-01-2025 02:01,Cash Deposit,20000,0,Rural,Monday,68107,Yes,Down
TXN00048,ATM_PUN_015,Pune,20-03-2024 03:53,Fund Transfer,15000,0,Urban,Wednesday,73425,Yes,Active
TXN00049,ATM_MUM_012,Mumbai,08-05-2024 19:23,Fund Transfer,1000,0,Rural,Wednesday,435005,No,Active
TXN00050,ATM_BAN_008,Bangalore,13-09-2024 14:02,Balance Inquiry,10000,0,Urban,Friday,50082,Yes,Active
TXN00051,ATM_KOL_007,Kolkata,29-04-2025 11:22,PIN Change,500,0,Urban,Tuesday,408445,No,Down
TXN00052,ATM_DEL_013,Delhi,13-11-2024 21:48,Cash Withdrawal,5000,0,Urban,Wednesday,272023,No,Active
TXN00053,ATM_DEL_006,Delhi,24-01-2025 23:51,Balance Inquiry,20000,51,Semi-Urban,Friday,309419,No,Down
TXN00054,ATM_KOL_001,Kolkata,21-04-2024 20:19,Fund Transfer,20000,51,Semi-Urban,Sunday,360929,No,Down
TXN00055,ATM_HYD_002,Hyderabad,17-03-2024 05:32,Cash Withdrawal,1000,55,Urban,Sunday,128520,No,Active
TXN00056,ATM_KOL_006,Kolkata,10-01-2025 23:37,Balance Inquiry,10000,55,Semi-Urban,Friday,303004,No,Active
TXN00057,ATM_BAN_014,Bangalore,01-08-2024 01:15,Cash Withdrawal,2000,0,Urban,Thursday,305728,No,Active
TXN00058,ATM_HYD_008,Hyderabad,10-01-2025 18:23,PIN Change,20000,0,Semi-Urban,Friday,179540,No,Down
TXN00059,ATM_CHE_007,Chennai,04-03-2025 02:33,Balance Inquiry,1000,0,Rural,Tuesday,216752,No,Down
TXN00060,ATM_BAN_003,Bangalore,14-09-2024 07:42,Fund Transfer,15000,0,Rural,Saturday,162559,No,Down
TXN00061,ATM_BAN_001,Bangalore,01-03-2025 16:41,Cash Withdrawal,20000,0,Urban,Saturday,412977,No,Active
TXN00062,ATM_KOL_001,Kolkata,17-01-2025 02:25,Cash Deposit,15000,0,Urban,Friday,87560,Yes,Active
TXN00063,ATM_KOL_013,Kolkata,12-05-2025 03:03,Fund Transfer,15000,0,Semi-Urban,Monday,263842,No,Active
TXN00064,ATM_MUM_004,Mumbai,13-02-2025 09:22,Cash Deposit,15000,0,Rural,Thursday,341816,No,Active
TXN00065,ATM_BAN_001,Bangalore,07-04-2024 21:58,Mini Statement,15000,0,Semi-Urban,Sunday,250899,No,Active
TXN00066,ATM_MUM_005,Mumbai,17-03-2025 22:07,Balance Inquiry,10000,0,Rural,Monday,54490,Yes,Active
TXN00067,ATM_DEL_014,Delhi,14-06-2024 10:43,Balance Inquiry,20000,0,Semi-Urban,Friday,354362,No,Active
TXN00068,ATM_KOL_015,Kolkata,28-09-2024 01:52,Fund Transfer,15000,0,Urban,Saturday,222193,No,Active
TXN00069,ATM_BAN_008,Bangalore,26-03-2025 18:51,Cash Withdrawal,500,0,Rural,Wednesday,415299,No,Active
TXN00070,ATM_CHE_011,Chennai,29-12-2024 06:16,Balance Inquiry,10000,55,Rural,Sunday,216463,No,Down
TXN00071,ATM_DEL_010,Delhi,13-11-2024 05:27,PIN Change,5000,0,Rural,Wednesday,310299,No,Active
TXN00072,ATM_CHE_002,Chennai,06-04-2024 16:38,Mini Statement,15000,55,Rural,Saturday,474561,No,Down
TXN00073,ATM_HYD_012,Hyderabad,11-11-2024 15:36,Fund Transfer,2000,55,Rural,Monday,283957,No,Active
TXN00074,ATM_PUN_006,Pune,22-02-2024 20:48,Cash Withdrawal,2000,96,Urban,Thursday,348118,No,Down
TXN00075,ATM_KOL_012,Kolkata,21-01-2025 23:49,Cash Withdrawal,15000,0,Rural,Tuesday,465431,No,Active
TXN00076,ATM_DEL_004,Delhi,13-06-2024 12:08,Cash Deposit,2000,96,Rural,Thursday,217783,No,Active
TXN00077,ATM_PUN_013,Pune,16-12-2024 18:27,PIN Change,500,0,Urban,Monday,167059,No,Down
TXN00078,ATM_MUM_007,Mumbai,09-12-2024 02:16,Balance Inquiry,10000,0,Urban,Monday,301244,No,Down
TXN00079,ATM_BAN_011,Bangalore,04-04-2025 06:25,Fund Transfer,5000,96,Urban,Friday,170708,No,Down
TXN00080,ATM_HYD_007,Hyderabad,30-08-2024 07:55,Cash Deposit,15000,96,Semi-Urban,Friday,357884,No,Down
TXN00081,ATM_DEL_003,Delhi,12-09-2024 22:24,Cash Withdrawal,5000,0,Rural,Thursday,216155,No,Active
TXN00082,ATM_HYD_010,Hyderabad,05-09-2024 23:54,PIN Change,15000,0,Rural,Thursday,256576,No,Active
TXN00083,ATM_PUN_009,Pune,06-01-2024 14:42,Balance Inquiry,15000,0,Urban,Saturday,469385,No,Down
TXN00084,ATM_PUN_004,Pune,14-11-2024 01:07,Mini Statement,20000,0,Rural,Thursday,92648,Yes,Active
TXN00085,ATM_HYD_012,Hyderabad,09-04-2024 02:52,PIN Change,2000,96,Rural,Tuesday,460015,No,Active
TXN00086,ATM_DEL_001,Delhi,14-02-2025 18:28,Cash Withdrawal,5000,0,Rural,Friday,316419,No,Active
TXN00087,ATM_PUN_002,Pune,27-02-2025 01:01,Cash Deposit,15000,0,Urban,Thursday,223054,No,Active
TXN00088,ATM_BAN_013,Bangalore,12-07-2024 18:57,Mini Statement,2000,0,Semi-Urban,Friday,109961,No,Active
TXN00089,ATM_CHE_005,Chennai,31-12-2024 04:46,Fund Transfer,2000,0,Urban,Tuesday,300470,No,Active
TXN00090,ATM_HYD_012,Hyderabad,05-05-2024 09:31,Mini Statement,2000,51,Semi-Urban,Sunday,166903,No,Active
TXN00091,ATM_MUM_011,Mumbai,15-02-2024 05:05,Mini Statement,2000,0,Rural,Thursday,218132,No,Down
TXN00092,ATM_KOL_002,Kolkata,19-02-2024 03:54,PIN Change,10000,0,Semi-Urban,Monday,202488,No,Active
TXN00093,ATM_PUN_009,Pune,19-01-2024 18:25,PIN Change,20000,0,Semi-Urban,Friday,495308,No,Active
TXN00094,ATM_CHE_008,Chennai,10-06-2024 01:04,Mini Statement,500,0,Semi-Urban,Monday,78012,Yes,Active
TXN00095,ATM_CHE_009,Chennai,12-08-2024 02:28,Cash Withdrawal,20000,0,Semi-Urban,Monday,71881,Yes,Active
TXN00096,ATM_CHE_007,Chennai,07-02-2025 13:04,PIN Change,15000,0,Semi-Urban,Friday,230429,No,Active
TXN00097,ATM_BAN_003,Bangalore,03-12-2024 18:59,Balance Inquiry,5000,0,Rural,Tuesday,435441,No,Down
TXN00098,ATM_KOL_011,Kolkata,22-03-2024 07:32,Balance Inquiry,5000,0,Semi-Urban,Friday,419130,No,Active
TXN00099,ATM_CHE_008,Chennai,11-03-2025 10:06,PIN Change,2000,0,Rural,Tuesday,194994,No,Active
TXN00100,ATM_BAN_012,Bangalore,22-06-2024 18:32,Mini Statement,20000,51,Semi-Urban,Saturday,232961,No,Active
TXN00101,ATM_BAN_013,Bangalore,17-09-2024 15:24,Cash Withdrawal,5000,96,Semi-Urban,Tuesday,464746,No,Down
TXN00102,ATM_BAN_013,Bangalore,14-02-2025 13:03,PIN Change,1000,0,Urban,Friday,77531,Yes,Down
TXN00103,ATM_CHE_003,Chennai,17-11-2024 23:37,PIN Change,15000,0,Semi-Urban,Sunday,302419,No,Active
TXN00104,ATM_MUM_006,Mumbai,19-05-2024 22:03,Cash Deposit,500,0,Urban,Sunday,180801,No,Active
TXN00105,ATM_CHE_001,Chennai,08-01-2025 18:34,Cash Deposit,500,0,Rural,Wednesday,330375,No,Down
TXN00106,ATM_DEL_006,Delhi,23-10-2024 17:58,Fund Transfer,1000,0,Urban,Wednesday,186037,No,Active
TXN00107,ATM_HYD_015,Hyderabad,19-04-2025 04:54,Mini Statement,15000,0,Urban,Saturday,290795,No,Active
TXN00108,ATM_BAN_010,Bangalore,20-04-2024 18:32,PIN Change,1000,0,Semi-Urban,Saturday,261426,No,Active
TXN00109,ATM_MUM_011,Mumbai,26-04-2024 09:14,Mini Statement,20000,96,Rural,Friday,400767,No,Down
TXN00110,ATM_DEL_009,Delhi,22-04-2025 07:40,Fund Transfer,20000,0,Urban,Tuesday,425724,No,Down
TXN00111,ATM_CHE_004,Chennai,13-12-2024 02:03,Cash Deposit,10000,55,Semi-Urban,Friday,363673,No,Active
TXN00112,ATM_KOL_006,Kolkata,30-09-2024 07:45,Cash Withdrawal,20000,96,Semi-Urban,Monday,167875,No,Down
TXN00113,ATM_MUM_002,Mumbai,30-03-2024 11:04,Cash Withdrawal,15000,0,Rural,Saturday,382350,No,Active
TXN00114,ATM_PUN_003,Pune,23-06-2024 03:53,Balance Inquiry,500,0,Semi-Urban,Sunday,153219,No,Active
TXN00115,ATM_KOL_007,Kolkata,14-04-2024 05:01,PIN Change,10000,0,Rural,Sunday,228526,No,Active
TXN00116,ATM_HYD_006,Hyderabad,03-05-2025 15:04,Cash Deposit,15000,0,Semi-Urban,Saturday,458333,No,Active
TXN00117,ATM_PUN_009,Pune,08-05-2024 09:03,Cash Withdrawal,15000,0,Urban,Wednesday,202920,No,Active
TXN00118,ATM_PUN_008,Pune,28-01-2025 03:17,Cash Withdrawal,10000,0,Semi-Urban,Tuesday,365903,No,Active
TXN00119,ATM_PUN_015,Pune,16-07-2024 01:00,PIN Change,500,0,Rural,Tuesday,427696,No,Active
TXN00120,ATM_HYD_014,Hyderabad,17-04-2024 13:15,Fund Transfer,5000,0,Urban,Wednesday,450212,No,Active
TXN00121,ATM_PUN_011,Pune,23-01-2025 22:02,Mini Statement,500,0,Semi-Urban,Thursday,113200,No,Active
TXN00122,ATM_MUM_010,Mumbai,15-10-2024 13:37,Cash Deposit,5000,0,Urban,Tuesday,473492,No,Down
TXN00123,ATM_HYD_011,Hyderabad,02-04-2025 16:09,Fund Transfer,2000,0,Urban,Wednesday,448663,No,Active
TXN00124,ATM_CHE_015,Chennai,15-03-2024 01:02,PIN Change,15000,0,Rural,Friday,248793,No,Active
TXN00125,ATM_HYD_009,Hyderabad,09-12-2024 18:05,Mini Statement,2000,0,Urban,Monday,431301,No,Active
TXN00126,ATM_CHE_011,Chennai,10-02-2025 17:30,Cash Deposit,500,0,Rural,Monday,314792,No,Active
TXN00127,ATM_BAN_009,Bangalore,22-03-2024 00:44,Cash Deposit,15000,0,Urban,Friday,495957,No,Active
TXN00128,ATM_KOL_009,Kolkata,01-10-2024 08:54,PIN Change,10000,0,Rural,Tuesday,188305,No,Active
TXN00129,ATM_HYD_004,Hyderabad,22-07-2024 00:50,Cash Deposit,2000,0,Urban,Monday,222006,No,Down
TXN00130,ATM_MUM_011,Mumbai,22-11-2024 03:49,PIN Change,5000,0,Urban,Friday,379500,No,Down
TXN00131,ATM_CHE_010,Chennai,06-09-2024 18:56,PIN Change,15000,0,Rural,Friday,495622,No,Down
TXN00132,ATM_BAN_010,Bangalore,09-04-2024 23:01,Mini Statement,2000,0,Rural,Tuesday,88951,Yes,Active
TXN00133,ATM_PUN_002,Pune,16-04-2025 05:56,Mini Statement,15000,51,Urban,Wednesday,211129,No,Active
TXN00134,ATM_KOL_008,Kolkata,02-01-2024 07:31,Balance Inquiry,10000,0,Rural,Tuesday,143900,No,Active
TXN00135,ATM_HYD_006,Hyderabad,20-09-2024 13:59,PIN Change,1000,0,Semi-Urban,Friday,303200,No,Down
TXN00136,ATM_PUN_001,Pune,07-04-2024 14:43,Balance Inquiry,2000,0,Rural,Sunday,91011,Yes,Active
TXN00137,ATM_MUM_008,Mumbai,23-02-2024 05:57,Fund Transfer,10000,0,Urban,Friday,207743,No,Down
TXN00138,ATM_MUM_015,Mumbai,27-08-2024 00:19,Mini Statement,15000,0,Semi-Urban,Tuesday,74043,Yes,Down
TXN00139,ATM_CHE_001,Chennai,03-01-2025 19:25,Fund Transfer,20000,0,Urban,Friday,373735,No,Active
TXN00140,ATM_HYD_009,Hyderabad,30-03-2024 08:28,Cash Deposit,15000,0,Semi-Urban,Saturday,276996,No,Down
TXN00141,ATM_BAN_010,Bangalore,24-04-2024 04:08,PIN Change,500,96,Semi-Urban,Wednesday,405055,No,Down
TXN00142,ATM_BAN_001,Bangalore,29-12-2024 20:10,PIN Change,500,0,Rural,Sunday,290116,No,Down
TXN00143,ATM_DEL_013,Delhi,04-04-2025 16:23,Cash Withdrawal,2000,51,Urban,Friday,81113,Yes,Down
TXN00144,ATM_HYD_015,Hyderabad,05-05-2025 14:40,PIN Change,20000,0,Rural,Monday,142183,No,Active
TXN00145,ATM_KOL_014,Kolkata,16-01-2024 00:22,PIN Change,5000,0,Rural,Tuesday,225459,No,Active
TXN00146,ATM_MUM_005,Mumbai,12-10-2024 03:47,Mini Statement,1000,0,Semi-Urban,Saturday,159548,No,Down
TXN00147,ATM_DEL_015,Delhi,20-06-2024 18:10,Cash Withdrawal,10000,51,Rural,Thursday,82807,Yes,Active
TXN00148,ATM_MUM_010,Mumbai,15-05-2025 14:59,Fund Transfer,5000,0,Semi-Urban,Thursday,460769,No,Active
TXN00149,ATM_KOL_004,Kolkata,06-06-2024 19:28,Cash Withdrawal,15000,51,Rural,Thursday,478103,No,Active
TXN00150,ATM_PUN_003,Pune,13-12-2024 09:32,Cash Withdrawal,1000,0,Urban,Friday,50169,Yes,Active
TXN00151,ATM_PUN_014,Pune,21-04-2024 06:26,Mini Statement,500,55,Rural,Sunday,392129,No,Active
TXN00152,ATM_KOL_015,Kolkata,14-03-2025 07:09,Fund Transfer,2000,0,Semi-Urban,Friday,162846,No,Active
TXN00153,ATM_CHE_004,Chennai,13-03-2025 01:28,Cash Deposit,20000,0,Rural,Thursday,75810,Yes,Down
TXN00154,ATM_KOL_009,Kolkata,28-12-2024 14:14,Cash Withdrawal,1000,0,Semi-Urban,Saturday,288417,No,Active
TXN00155,ATM_CHE_010,Chennai,05-04-2025 21:20,Balance Inquiry,2000,0,Semi-Urban,Saturday,380392,No,Down
TXN00156,ATM_DEL_001,Delhi,11-11-2024 15:46,Balance Inquiry,2000,0,Rural,Monday,200663,No,Active
TXN00157,ATM_DEL_009,Delhi,25-02-2024 17:40,Balance Inquiry,2000,55,Semi-Urban,Sunday,176925,No,Active
TXN00158,ATM_BAN_001,Bangalore,09-06-2024 17:03,Mini Statement,2000,51,Urban,Sunday,293932,No,Down
TXN00159,ATM_KOL_010,Kolkata,07-11-2024 02:39,Balance Inquiry,500,0,Rural,Thursday,457736,No,Active
TXN00160,ATM_CHE_013,Chennai,14-03-2025 22:17,PIN Change,2000,0,Urban,Friday,221432,No,Active
TXN00161,ATM_DEL_012,Delhi,18-12-2024 18:36,PIN Change,500,0,Urban,Wednesday,168824,No,Active
TXN00162,ATM_HYD_006,Hyderabad,12-12-2024 01:45,Balance Inquiry,5000,0,Semi-Urban,Thursday,355756,No,Active
TXN00163,ATM_MUM_013,Mumbai,27-04-2024 23:19,Cash Deposit,20000,0,Urban,Saturday,360793,No,Active
TXN00164,ATM_DEL_015,Delhi,28-10-2024 07:55,Fund Transfer,5000,0,Urban,Monday,284938,No,Active
TXN00165,ATM_HYD_012,Hyderabad,04-11-2024 21:31,Cash Deposit,10000,0,Urban,Monday,197366,No,Active
TXN00166,ATM_CHE_011,Chennai,26-01-2025 00:41,Cash Deposit,500,0,Urban,Sunday,491062,No,Active
TXN00167,ATM_DEL_001,Delhi,02-03-2025 18:34,Balance Inquiry,2000,0,Rural,Sunday,423665,No,Active
TXN00168,ATM_BAN_003,Bangalore,27-01-2025 08:09,Fund Transfer,10000,51,Urban,Monday,322924,No,Down
TXN00169,ATM_BAN_004,Bangalore,15-05-2024 19:56,PIN Change,10000,0,Urban,Wednesday,245550,No,Active
TXN00170,ATM_BAN_004,Bangalore,03-04-2024 22:22,Mini Statement,10000,0,Semi-Urban,Wednesday,51960,Yes,Active
TXN00171,ATM_KOL_005,Kolkata,03-03-2024 00:29,Cash Deposit,2000,0,Urban,Sunday,316638,No,Active
TXN00172,ATM_KOL_013,Kolkata,27-03-2024 17:59,Cash Withdrawal,1000,0,Rural,Wednesday,224222,No,Active
TXN00173,ATM_DEL_013,Delhi,18-12-2024 15:14,Fund Transfer,2000,0,Urban,Wednesday,304412,No,Active
TXN00174,ATM_PUN_014,Pune,02-02-2024 16:43,Balance Inquiry,2000,96,Rural,Friday,415285,No,Active
TXN00175,ATM_DEL_008,Delhi,21-04-2024 14:36,Cash Deposit,10000,0,Semi-Urban,Sunday,253652,No,Active
TXN00176,ATM_BAN_002,Bangalore,12-08-2024 18:56,Cash Deposit,5000,0,Semi-Urban,Monday,110893,No,Active
TXN00177,ATM_HYD_015,Hyderabad,25-04-2024 19:23,Balance Inquiry,2000,0,Rural,Thursday,229329,No,Active
TXN00178,ATM_PUN_013,Pune,13-03-2024 23:03,Balance Inquiry,15000,55,Rural,Wednesday,179956,No,Active
TXN00179,ATM_BAN_011,Bangalore,22-02-2024 21:06,Cash Withdrawal,10000,0,Rural,Thursday,357185,No,Down
TXN00180,ATM_PUN_015,Pune,08-05-2024 21:02,Cash Withdrawal,1000,51,Urban,Wednesday,56798,Yes,Down
TXN00181,ATM_CHE_001,Chennai,28-09-2024 13:46,Mini Statement,10000,0,Rural,Saturday,301359,No,Active
TXN00182,ATM_PUN_009,Pune,14-12-2024 02:57,Balance Inquiry,1000,0,Urban,Saturday,364090,No,Active
TXN00183,ATM_HYD_011,Hyderabad,24-12-2024 10:56,Mini Statement,1000,0,Urban,Tuesday,397410,No,Active
TXN00184,ATM_BAN_006,Bangalore,13-12-2024 19:20,Fund Transfer,15000,0,Semi-Urban,Friday,314160,No,Active
TXN00185,ATM_PUN_010,Pune,14-01-2025 16:10,Balance Inquiry,2000,0,Urban,Tuesday,481519,No,Down
TXN00186,ATM_CHE_005,Chennai,22-06-2024 03:46,Balance Inquiry,10000,0,Rural,Saturday,357272,No,Active
TXN00187,ATM_HYD_001,Hyderabad,17-05-2024 18:56,Mini Statement,10000,0,Semi-Urban,Friday,420634,No,Active
TXN00188,ATM_HYD_010,Hyderabad,07-08-2024 20:33,Fund Transfer,10000,0,Rural,Wednesday,145242,No,Down
TXN00189,ATM_PUN_009,Pune,23-12-2024 21:43,PIN Change,2000,0,Rural,Monday,343441,No,Active
TXN00190,ATM_HYD_015,Hyderabad,29-04-2025 01:23,Balance Inquiry,2000,0,Urban,Tuesday,400236,No,Active
TXN00191,ATM_HYD_005,Hyderabad,12-11-2024 08:26,Cash Withdrawal,500,0,Urban,Tuesday,198250,No,Active
TXN00192,ATM_KOL_013,Kolkata,25-04-2025 16:54,Cash Withdrawal,1000,0,Urban,Friday,433824,No,Active
TXN00193,ATM_HYD_011,Hyderabad,20-09-2024 15:17,Cash Deposit,20000,55,Urban,Friday,214309,No,Down
TXN00194,ATM_CHE_002,Chennai,09-11-2024 15:23,Cash Withdrawal,500,0,Semi-Urban,Saturday,259705,No,Down
TXN00195,ATM_MUM_003,Mumbai,23-06-2024 04:02,Mini Statement,20000,0,Urban,Sunday,424016,No,Active
TXN00196,ATM_PUN_008,Pune,10-02-2024 00:20,PIN Change,500,0,Rural,Saturday,82083,Yes,Active
TXN00197,ATM_MUM_014,Mumbai,10-02-2025 05:04,Balance Inquiry,15000,0,Urban,Monday,371781,No,Down
TXN00198,ATM_DEL_011,Delhi,26-03-2024 13:56,Mini Statement,2000,0,Semi-Urban,Tuesday,124901,No,Active
TXN00199,ATM_MUM_003,Mumbai,14-04-2025 00:20,PIN Change,10000,0,Urban,Monday,410309,No,Active
TXN00200,ATM_PUN_012,Pune,08-05-2025 18:02,Mini Statement,500,0,Semi-Urban,Thursday,205562,No,Active
TXN00201,ATM_CHE_011,Chennai,30-12-2024 11:48,Fund Transfer,10000,0,Rural,Monday,76739,Yes,Active
TXN00202,ATM_PUN_013,Pune,19-03-2024 17:37,Mini Statement,20000,0,Urban,Tuesday,418275,No,Down
TXN00203,ATM_BAN_011,Bangalore,18-02-2024 08:38,Cash Deposit,15000,0,Semi-Urban,Sunday,415648,No,Active
TXN00204,ATM_MUM_009,Mumbai,27-02-2024 01:45,Cash Withdrawal,2000,0,Semi-Urban,Tuesday,153737,No,Active
TXN00205,ATM_MUM_004,Mumbai,11-04-2024 14:29,Cash Withdrawal,10000,0,Rural,Thursday,123888,No,Down
TXN00206,ATM_KOL_013,Kolkata,31-05-2024 01:42,Fund Transfer,500,0,Urban,Friday,406049,No,Active
TXN00207,ATM_DEL_015,Delhi,12-12-2024 23:08,PIN Change,20000,0,Urban,Thursday,59944,Yes,Active
TXN00208,ATM_BAN_004,Bangalore,08-03-2024 19:32,PIN Change,500,51,Semi-Urban,Friday,400298,No,Active
TXN00209,ATM_PUN_001,Pune,23-04-2025 22:31,Mini Statement,500,0,Urban,Wednesday,83915,Yes,Down
TXN00210,ATM_CHE_008,Chennai,18-06-2024 10:49,Balance Inquiry,20000,0,Rural,Tuesday,207999,No,Active
TXN00211,ATM_CHE_009,Chennai,06-02-2025 15:00,Balance Inquiry,10000,0,Semi-Urban,Thursday,376441,No,Active
TXN00212,ATM_KOL_009,Kolkata,21-10-2024 15:49,Balance Inquiry,15000,0,Urban,Monday,224371,No,Active
TXN00213,ATM_BAN_011,Bangalore,05-04-2025 13:19,Cash Deposit,500,0,Rural,Saturday,172543,No,Active
TXN00214,ATM_KOL_005,Kolkata,14-11-2024 00:31,Mini Statement,10000,0,Semi-Urban,Thursday,329301,No,Active
TXN00215,ATM_PUN_006,Pune,23-03-2025 10:32,Mini Statement,10000,0,Rural,Sunday,129179,No,Active
TXN00216,ATM_KOL_005,Kolkata,14-08-2024 06:28,PIN Change,500,0,Rural,Wednesday,86899,Yes,Active
TXN00217,ATM_MUM_015,Mumbai,31-03-2025 06:31,Balance Inquiry,15000,0,Semi-Urban,Monday,495786,No,Down
TXN00218,ATM_DEL_004,Delhi,01-06-2024 21:52,Mini Statement,20000,0,Rural,Saturday,69972,Yes,Active
TXN00219,ATM_KOL_009,Kolkata,17-09-2024 07:43,Balance Inquiry,1000,55,Rural,Tuesday,216216,No,Active
TXN00220,ATM_BAN_011,Bangalore,24-07-2024 11:42,Cash Withdrawal,5000,0,Urban,Wednesday,431158,No,Active
TXN00221,ATM_MUM_015,Mumbai,28-07-2024 20:00,Mini Statement,1000,55,Urban,Sunday,176658,No,Active
TXN00222,ATM_DEL_003,Delhi,24-12-2024 05:00,Cash Deposit,15000,0,Urban,Tuesday,457028,No,Down
TXN00223,ATM_PUN_004,Pune,28-10-2024 10:06,Cash Deposit,15000,96,Semi-Urban,Monday,173289,No,Active
TXN00224,ATM_BAN_015,Bangalore,02-05-2025 21:27,Cash Deposit,5000,0,Urban,Friday,373044,No,Down
TXN00225,ATM_DEL_008,Delhi,08-01-2024 12:45,PIN Change,2000,0,Rural,Monday,291725,No,Down
TXN00226,ATM_MUM_004,Mumbai,27-09-2024 00:57,Cash Withdrawal,500,0,Rural,Friday,421744,No,Active
TXN00227,ATM_KOL_011,Kolkata,23-01-2025 22:26,Cash Withdrawal,500,55,Rural,Thursday,161532,No,Active
TXN00228,ATM_MUM_007,Mumbai,09-01-2024 19:02,Mini Statement,2000,0,Rural,Tuesday,451513,No,Active
TXN00229,ATM_BAN_015,Bangalore,25-02-2024 18:24,Cash Deposit,10000,0,Semi-Urban,Sunday,442038,No,Active
TXN00230,ATM_BAN_014,Bangalore,18-01-2024 18:27,PIN Change,15000,0,Semi-Urban,Thursday,388819,No,Down
TXN00231,ATM_KOL_007,Kolkata,16-01-2024 05:15,Mini Statement,15000,0,Rural,Tuesday,302005,No,Active
TXN00232,ATM_HYD_012,Hyderabad,23-02-2025 22:41,Cash Deposit,5000,0,Urban,Sunday,175471,No,Down
TXN00233,ATM_DEL_011,Delhi,05-02-2025 20:35,Balance Inquiry,15000,0,Semi-Urban,Wednesday,255867,No,Active
TXN00234,ATM_DEL_008,Delhi,11-03-2025 05:35,Fund Transfer,20000,0,Semi-Urban,Tuesday,71241,Yes,Active
TXN00235,ATM_CHE_014,Chennai,08-02-2024 05:13,PIN Change,1000,0,Urban,Thursday,151661,No,Active
TXN00236,ATM_KOL_001,Kolkata,12-02-2024 10:35,Fund Transfer,20000,0,Rural,Monday,234412,No,Active
TXN00237,ATM_BAN_014,Bangalore,23-01-2024 17:03,PIN Change,5000,0,Semi-Urban,Tuesday,134792,No,Active
TXN00238,ATM_PUN_002,Pune,10-08-2024 15:44,Mini Statement,20000,0,Urban,Saturday,382217,No,Down
TXN00239,ATM_MUM_008,Mumbai,11-02-2025 02:12,PIN Change,15000,0,Urban,Tuesday,247392,No,Active
TXN00240,ATM_CHE_011,Chennai,05-10-2024 06:26,Fund Transfer,20000,0,Rural,Saturday,179415,No,Active
TXN00241,ATM_HYD_013,Hyderabad,04-02-2024 01:43,PIN Change,500,0,Semi-Urban,Sunday,304314,No,Active
TXN00242,ATM_HYD_010,Hyderabad,18-05-2024 13:13,Cash Withdrawal,500,0,Rural,Saturday,231912,No,Active
TXN00243,ATM_CHE_013,Chennai,03-09-2024 13:54,Cash Withdrawal,2000,0,Urban,Tuesday,120964,No,Active
TXN00244,ATM_KOL_007,Kolkata,27-12-2024 20:50,Mini Statement,1000,0,Rural,Friday,224603,No,Down
TXN00245,ATM_CHE_011,Chennai,18-11-2024 01:42,Balance Inquiry,500,55,Rural,Monday,62178,Yes,Active
TXN00246,ATM_HYD_007,Hyderabad,04-05-2024 20:59,Mini Statement,15000,0,Urban,Saturday,352073,No,Active
TXN00247,ATM_KOL_007,Kolkata,20-07-2024 11:36,Balance Inquiry,20000,51,Rural,Saturday,311961,No,Down
TXN00248,ATM_CHE_002,Chennai,21-10-2024 13:58,Mini Statement,2000,96,Rural,Monday,357780,No,Active
TXN00249,ATM_KOL_004,Kolkata,27-08-2024 10:45,Cash Withdrawal,10000,0,Semi-Urban,Tuesday,321089,No,Down
TXN00250,ATM_BAN_007,Bangalore,18-04-2025 23:45,Cash Withdrawal,500,0,Urban,Friday,386263,No,Down
TXN00251,ATM_HYD_011,Hyderabad,18-11-2024 07:08,Mini Statement,1000,0,Semi-Urban,Monday,497843,No,Active
TXN00252,ATM_HYD_013,Hyderabad,06-05-2024 09:26,PIN Change,1000,51,Semi-Urban,Monday,441014,No,Active
TXN00253,ATM_DEL_005,Delhi,21-03-2025 01:35,Mini Statement,2000,0,Rural,Friday,147543,No,Active
TXN00254,ATM_KOL_011,Kolkata,08-04-2025 14:02,Mini Statement,15000,96,Semi-Urban,Tuesday,492759,No,Active
TXN00255,ATM_CHE_002,Chennai,11-12-2024 13:29,Cash Withdrawal,20000,55,Rural,Wednesday,289443,No,Active
TXN00256,ATM_HYD_008,Hyderabad,13-04-2025 11:55,Cash Deposit,10000,96,Urban,Sunday,461170,No,Active
TXN00257,ATM_PUN_004,Pune,02-07-2024 03:49,Balance Inquiry,5000,0,Semi-Urban,Tuesday,353538,No,Active
TXN00258,ATM_BAN_006,Bangalore,21-11-2024 23:56,Fund Transfer,2000,0,Semi-Urban,Thursday,473277,No,Active
TXN00259,ATM_KOL_002,Kolkata,21-12-2024 19:09,Fund Transfer,500,0,Semi-Urban,Saturday,333502,No,Down
TXN00260,ATM_DEL_012,Delhi,01-03-2025 21:06,Fund Transfer,1000,0,Rural,Saturday,223112,No,Active
TXN00261,ATM_DEL_012,Delhi,05-03-2025 11:14,Balance Inquiry,10000,0,Rural,Wednesday,205433,No,Active
TXN00262,ATM_MUM_015,Mumbai,07-03-2024 23:23,Cash Withdrawal,15000,0,Semi-Urban,Thursday,430626,No,Active
TXN00263,ATM_DEL_003,Delhi,30-07-2024 03:00,Fund Transfer,10000,0,Rural,Tuesday,335170,No,Active
TXN00264,ATM_MUM_012,Mumbai,13-02-2025 12:25,Fund Transfer,2000,0,Rural,Thursday,106749,No,Active
TXN00265,ATM_MUM_010,Mumbai,26-05-2024 13:44,Mini Statement,500,55,Urban,Sunday,142413,No,Active
TXN00266,ATM_BAN_001,Bangalore,16-04-2025 10:45,Cash Deposit,500,0,Semi-Urban,Wednesday,336630,No,Down
TXN00267,ATM_MUM_013,Mumbai,02-05-2024 15:24,Fund Transfer,15000,0,Rural,Thursday,271898,No,Active
TXN00268,ATM_BAN_005,Bangalore,05-12-2024 09:44,Balance Inquiry,10000,0,Semi-Urban,Thursday,496063,No,Active
TXN00269,ATM_MUM_009,Mumbai,23-07-2024 11:32,Balance Inquiry,10000,0,Urban,Tuesday,356264,No,Active
TXN00270,ATM_BAN_001,Bangalore,15-02-2025 23:42,Fund Transfer,1000,0,Rural,Saturday,116909,No,Active
TXN00271,ATM_HYD_002,Hyderabad,26-04-2025 07:03,Balance Inquiry,10000,0,Rural,Saturday,405188,No,Active
TXN00272,ATM_KOL_012,Kolkata,27-05-2024 23:15,Fund Transfer,2000,0,Urban,Monday,390604,No,Active
TXN00273,ATM_BAN_013,Bangalore,30-04-2025 09:59,Mini Statement,500,51,Rural,Wednesday,441989,No,Active
TXN00274,ATM_DEL_013,Delhi,14-10-2024 16:04,Balance Inquiry,5000,0,Rural,Monday,246047,No,Active
TXN00275,ATM_PUN_014,Pune,03-11-2024 16:58,PIN Change,500,0,Semi-Urban,Sunday,87926,Yes,Active
TXN00276,ATM_PUN_001,Pune,21-04-2025 16:25,Fund Transfer,20000,0,Semi-Urban,Monday,164781,No,Down
TXN00277,ATM_HYD_007,Hyderabad,05-12-2024 02:41,Cash Deposit,2000,0,Rural,Thursday,205647,No,Down
TXN00278,ATM_PUN_002,Pune,23-02-2025 19:23,Mini Statement,2000,0,Semi-Urban,Sunday,261936,No,Active
TXN00279,ATM_CHE_002,Chennai,27-12-2024 07:00,Cash Deposit,10000,0,Rural,Friday,389779,No,Active
TXN00280,ATM_DEL_014,Delhi,25-10-2024 23:59,Balance Inquiry,20000,0,Semi-Urban,Friday,152691,No,Down
TXN00281,ATM_HYD_001,Hyderabad,23-12-2024 13:52,Balance Inquiry,5000,0,Rural,Monday,269866,No,Active
TXN00282,ATM_PUN_015,Pune,08-03-2024 20:18,Cash Deposit,10000,0,Rural,Friday,150385,No,Active
TXN00283,ATM_PUN_015,Pune,06-03-2024 20:40,PIN Change,1000,0,Semi-Urban,Wednesday,211594,No,Active
TXN00284,ATM_KOL_008,Kolkata,14-07-2024 21:46,PIN Change,15000,0,Semi-Urban,Sunday,114759,No,Down
TXN00285,ATM_KOL_013,Kolkata,09-02-2024 14:23,Mini Statement,1000,55,Urban,Friday,116753,No,Down
TXN00286,ATM_DEL_006,Delhi,07-05-2024 06:32,PIN Change,10000,0,Rural,Tuesday,100384,No,Active
TXN00287,ATM_MUM_014,Mumbai,12-03-2025 07:59,Mini Statement,500,0,Semi-Urban,Wednesday,190154,No,Down
TXN00288,ATM_MUM_015,Mumbai,07-10-2024 09:33,Cash Withdrawal,5000,0,Semi-Urban,Monday,480183,No,Down
TXN00289,ATM_KOL_009,Kolkata,20-02-2025 13:46,Mini Statement,2000,0,Urban,Thursday,365910,No,Down
TXN00290,ATM_CHE_005,Chennai,10-12-2024 00:31,Fund Transfer,2000,0,Urban,Tuesday,379138,No,Active
TXN00291,ATM_BAN_013,Bangalore,13-01-2025 10:48,Balance Inquiry,1000,0,Rural,Monday,131936,No,Active
TXN00292,ATM_KOL_014,Kolkata,18-03-2025 21:20,Cash Withdrawal,20000,0,Urban,Tuesday,78357,Yes,Down
TXN00293,ATM_DEL_006,Delhi,21-08-2024 22:12,Mini Statement,10000,51,Semi-Urban,Wednesday,257732,No,Active
TXN00294,ATM_HYD_006,Hyderabad,19-11-2024 22:44,Cash Deposit,15000,0,Urban,Tuesday,74456,Yes,Active
TXN00295,ATM_DEL_008,Delhi,07-03-2024 09:20,Fund Transfer,1000,0,Rural,Thursday,346433,No,Active
TXN00296,ATM_KOL_004,Kolkata,23-02-2024 19:30,Cash Withdrawal,500,0,Semi-Urban,Friday,163530,No,Down
TXN00297,ATM_BAN_006,Bangalore,22-04-2024 23:47,Cash Withdrawal,15000,0,Urban,Monday,185996,No,Down
TXN00298,ATM_PUN_004,Pune,24-03-2024 08:53,Mini Statement,15000,0,Urban,Sunday,357324,No,Active
TXN00299,ATM_BAN_008,Bangalore,15-11-2024 12:42,Cash Deposit,1000,0,Rural,Friday,311354,No,Down
TXN00300,ATM_HYD_009,Hyderabad,27-04-2024 12:01,Fund Transfer,10000,0,Semi-Urban,Saturday,100360,No,Active
TXN00301,ATM_KOL_006,Kolkata,02-04-2025 13:45,Balance Inquiry,15000,0,Urban,Wednesday,416251,No,Active
TXN00302,ATM_CHE_006,Chennai,30-04-2024 19:28,Fund Transfer,15000,0,Rural,Tuesday,302837,No,Active
TXN00303,ATM_MUM_006,Mumbai,28-06-2024 21:51,PIN Change,1000,0,Rural,Friday,287291,No,Active
TXN00304,ATM_DEL_003,Delhi,26-01-2024 02:59,Fund Transfer,10000,0,Rural,Friday,491543,No,Down
TXN00305,ATM_DEL_010,Delhi,26-01-2025 16:23,Cash Withdrawal,15000,0,Urban,Sunday,298098,No,Down
TXN00306,ATM_CHE_015,Chennai,22-02-2025 00:48,Fund Transfer,500,0,Semi-Urban,Saturday,160602,No,Active
TXN00307,ATM_KOL_003,Kolkata,14-02-2025 20:56,Cash Withdrawal,500,0,Rural,Friday,346674,No,Down
TXN00308,ATM_BAN_003,Bangalore,02-09-2024 19:34,Balance Inquiry,15000,0,Urban,Monday,366606,No,Active
TXN00309,ATM_HYD_006,Hyderabad,26-09-2024 19:04,Cash Deposit,10000,0,Urban,Thursday,356241,No,Active
TXN00310,ATM_MUM_010,Mumbai,24-07-2024 15:00,Balance Inquiry,15000,0,Rural,Wednesday,424408,No,Down
TXN00311,ATM_HYD_009,Hyderabad,28-02-2024 05:50,Mini Statement,1000,0,Urban,Wednesday,301395,No,Active
TXN00312,ATM_HYD_014,Hyderabad,18-01-2025 19:38,Balance Inquiry,10000,55,Urban,Saturday,333131,No,Active
TXN00313,ATM_CHE_004,Chennai,06-07-2024 09:25,PIN Change,5000,0,Urban,Saturday,253586,No,Active
TXN00314,ATM_MUM_001,Mumbai,28-02-2024 15:10,Cash Deposit,5000,0,Rural,Wednesday,97466,Yes,Active
TXN00315,ATM_MUM_009,Mumbai,02-02-2025 01:24,PIN Change,20000,0,Urban,Sunday,352585,No,Active
TXN00316,ATM_CHE_013,Chennai,21-04-2024 04:09,Cash Withdrawal,500,55,Urban,Sunday,181591,No,Active
TXN00317,ATM_DEL_009,Delhi,13-11-2024 00:43,Balance Inquiry,1000,51,Urban,Wednesday,405784,No,Active
TXN00318,ATM_DEL_008,Delhi,19-03-2025 05:42,Fund Transfer,5000,0,Semi-Urban,Wednesday,365686,No,Down
TXN00319,ATM_MUM_015,Mumbai,15-10-2024 09:03,PIN Change,1000,55,Semi-Urban,Tuesday,235738,No,Active
TXN00320,ATM_DEL_005,Delhi,25-08-2024 22:04,Balance Inquiry,15000,0,Semi-Urban,Sunday,298991,No,Active
TXN00321,ATM_MUM_012,Mumbai,10-09-2024 15:31,PIN Change,1000,0,Urban,Tuesday,98059,Yes,Active
TXN00322,ATM_PUN_008,Pune,13-12-2024 09:39,Balance Inquiry,2000,0,Rural,Friday,257612,No,Active
TXN00323,ATM_CHE_014,Chennai,19-08-2024 16:35,Mini Statement,15000,0,Urban,Monday,116882,No,Active
TXN00324,ATM_BAN_014,Bangalore,21-04-2025 20:01,Cash Withdrawal,10000,0,Rural,Monday,88247,Yes,Active
TXN00325,ATM_BAN_011,Bangalore,04-04-2024 09:35,Cash Withdrawal,15000,0,Rural,Thursday,240361,No,Down
TXN00326,ATM_MUM_014,Mumbai,01-08-2024 06:49,Mini Statement,20000,0,Rural,Thursday,270409,No,Down
TXN00327,ATM_PUN_007,Pune,24-12-2024 22:10,Balance Inquiry,500,0,Rural,Tuesday,215098,No,Down
TXN00328,ATM_MUM_007,Mumbai,11-01-2024 02:09,PIN Change,15000,51,Rural,Thursday,353298,No,Active
TXN00329,ATM_CHE_005,Chennai,29-01-2024 13:51,Balance Inquiry,10000,51,Rural,Monday,433937,No,Down
TXN00330,ATM_DEL_003,Delhi,15-08-2024 15:11,Balance Inquiry,5000,0,Semi-Urban,Thursday,100027,No,Active
TXN00331,ATM_DEL_007,Delhi,12-01-2024 02:26,Mini Statement,5000,0,Semi-Urban,Friday,90012,Yes,Active
TXN00332,ATM_KOL_004,Kolkata,30-10-2024 04:43,Fund Transfer,5000,0,Rural,Wednesday,80663,Yes,Active
TXN00333,ATM_KOL_014,Kolkata,15-03-2025 18:44,PIN Change,20000,0,Urban,Saturday,143697,No,Active
TXN00334,ATM_MUM_003,Mumbai,08-01-2024 06:49,Cash Withdrawal,2000,96,Rural,Monday,378499,No,Active
TXN00335,ATM_HYD_011,Hyderabad,15-06-2024 06:37,Fund Transfer,10000,0,Urban,Saturday,186695,No,Down
TXN00336,ATM_HYD_004,Hyderabad,07-10-2024 12:40,Mini Statement,10000,0,Urban,Monday,426355,No,Active
TXN00337,ATM_KOL_006,Kolkata,08-10-2024 13:39,Fund Transfer,20000,0,Urban,Tuesday,273604,No,Active
TXN00338,ATM_BAN_012,Bangalore,06-06-2024 07:52,Cash Deposit,5000,0,Rural,Thursday,92968,Yes,Active
TXN00339,ATM_KOL_009,Kolkata,31-05-2024 07:51,Cash Withdrawal,5000,0,Rural,Friday,260645,No,Active
TXN00340,ATM_DEL_015,Delhi,25-01-2025 06:04,PIN Change,500,51,Urban,Saturday,145116,No,Active
TXN00341,ATM_MUM_013,Mumbai,10-03-2024 13:02,Cash Withdrawal,15000,55,Semi-Urban,Sunday,199476,No,Active
TXN00342,ATM_PUN_014,Pune,15-05-2025 10:24,PIN Change,15000,0,Rural,Thursday,452475,No,Active
TXN00343,ATM_PUN_012,Pune,02-01-2024 06:45,Balance Inquiry,15000,0,Rural,Tuesday,89723,Yes,Active
TXN00344,ATM_CHE_004,Chennai,23-04-2025 02:50,Mini Statement,20000,0,Semi-Urban,Wednesday,406284,No,Down
TXN00345,ATM_PUN_002,Pune,24-04-2025 07:17,PIN Change,2000,51,Urban,Thursday,454486,No,Active
TXN00346,ATM_KOL_013,Kolkata,08-05-2025 01:54,Balance Inquiry,10000,0,Urban,Thursday,325686,No,Active
TXN00347,ATM_DEL_009,Delhi,05-03-2025 13:00,Mini Statement,2000,55,Rural,Wednesday,262006,No,Active
TXN00348,ATM_CHE_002,Chennai,09-03-2024 11:30,Cash Deposit,2000,0,Rural,Saturday,54714,Yes,Active
TXN00349,ATM_HYD_014,Hyderabad,18-01-2024 01:07,Cash Deposit,2000,0,Urban,Thursday,403254,No,Active
TXN00350,ATM_BAN_015,Bangalore,21-08-2024 19:04,Cash Withdrawal,10000,0,Semi-Urban,Wednesday,415784,No,Active
TXN00351,ATM_CHE_004,Chennai,18-04-2025 21:31,Mini Statement,15000,0,Rural,Friday,475623,No,Active
TXN00352,ATM_BAN_011,Bangalore,17-04-2025 23:03,Fund Transfer,5000,0,Semi-Urban,Thursday,188158,No,Active
TXN00353,ATM_HYD_001,Hyderabad,21-11-2024 14:58,PIN Change,500,0,Rural,Thursday,201650,No,Active
TXN00354,ATM_KOL_012,Kolkata,21-03-2024 18:09,Cash Deposit,10000,0,Semi-Urban,Thursday,310170,No,Active
TXN00355,ATM_PUN_008,Pune,06-08-2024 20:12,Mini Statement,5000,0,Rural,Tuesday,264229,No,Active
TXN00356,ATM_KOL_014,Kolkata,14-04-2024 10:58,Balance Inquiry,15000,96,Rural,Sunday,379208,No,Down
TXN00357,ATM_HYD_003,Hyderabad,06-03-2025 23:54,PIN Change,20000,0,Urban,Thursday,370141,No,Active
TXN00358,ATM_KOL_009,Kolkata,18-02-2025 19:34,Fund Transfer,1000,96,Rural,Tuesday,222328,No,Active
TXN00359,ATM_KOL_006,Kolkata,16-03-2024 06:30,Cash Withdrawal,1000,55,Urban,Saturday,208640,No,Active
TXN00360,ATM_BAN_004,Bangalore,01-09-2024 08:38,Fund Transfer,20000,0,Urban,Sunday,77709,Yes,Active
TXN00361,ATM_KOL_010,Kolkata,13-06-2024 22:11,Cash Deposit,500,0,Urban,Thursday,117367,No,Active
TXN00362,ATM_DEL_007,Delhi,16-03-2024 09:41,PIN Change,15000,0,Semi-Urban,Saturday,223162,No,Active
TXN00363,ATM_DEL_006,Delhi,18-05-2024 03:41,Fund Transfer,15000,0,Semi-Urban,Saturday,403777,No,Active
TXN00364,ATM_HYD_006,Hyderabad,24-03-2025 01:20,Mini Statement,15000,0,Semi-Urban,Monday,271426,No,Active
TXN00365,ATM_MUM_012,Mumbai,20-04-2024 12:14,Mini Statement,500,0,Rural,Saturday,167438,No,Down
TXN00366,ATM_BAN_009,Bangalore,06-08-2024 14:59,Mini Statement,2000,0,Urban,Tuesday,363819,No,Down
TXN00367,ATM_KOL_011,Kolkata,16-08-2024 01:34,PIN Change,1000,0,Rural,Friday,190035,No,Active
TXN00368,ATM_KOL_013,Kolkata,04-03-2024 23:56,Cash Withdrawal,2000,0,Rural,Monday,146663,No,Active
TXN00369,ATM_HYD_004,Hyderabad,12-10-2024 10:52,Fund Transfer,500,0,Rural,Saturday,442838,No,Active
TXN00370,ATM_KOL_003,Kolkata,12-09-2024 21:32,Cash Withdrawal,20000,0,Rural,Thursday,460851,No,Active
TXN00371,ATM_KOL_011,Kolkata,26-01-2025 03:28,Fund Transfer,20000,0,Rural,Sunday,72917,Yes,Active
TXN00372,ATM_BAN_013,Bangalore,11-05-2025 11:43,Balance Inquiry,20000,0,Semi-Urban,Sunday,406346,No,Active
TXN00373,ATM_DEL_014,Delhi,26-12-2024 16:23,Fund Transfer,5000,0,Rural,Thursday,82488,Yes,Down
TXN00374,ATM_KOL_010,Kolkata,08-03-2025 18:51,Fund Transfer,1000,96,Rural,Saturday,132933,No,Active
TXN00375,ATM_PUN_008,Pune,23-12-2024 15:41,Fund Transfer,500,0,Urban,Monday,62331,Yes,Active
TXN00376,ATM_BAN_005,Bangalore,11-02-2025 07:08,Cash Deposit,10000,0,Urban,Tuesday,270140,No,Active
TXN00377,ATM_PUN_004,Pune,09-06-2024 09:44,Cash Deposit,20000,0,Semi-Urban,Sunday,213737,No,Active
TXN00378,ATM_PUN_010,Pune,03-08-2024 00:57,Mini Statement,15000,0,Urban,Saturday,495426,No,Active
TXN00379,ATM_KOL_006,Kolkata,11-03-2024 08:13,Balance Inquiry,1000,0,Rural,Monday,436164,No,Active
TXN00380,ATM_PUN_014,Pune,01-02-2025 17:45,PIN Change,20000,0,Rural,Saturday,349070,No,Active
TXN00381,ATM_MUM_014,Mumbai,25-09-2024 16:33,Fund Transfer,2000,0,Semi-Urban,Wednesday,131195,No,Active
TXN00382,ATM_DEL_007,Delhi,31-07-2024 18:49,Fund Transfer,2000,55,Rural,Wednesday,357051,No,Active
TXN00383,ATM_HYD_012,Hyderabad,17-07-2024 13:44,Fund Transfer,15000,0,Urban,Wednesday,54457,Yes,Active
TXN00384,ATM_BAN_013,Bangalore,14-01-2024 20:19,Mini Statement,2000,0,Semi-Urban,Sunday,67253,Yes,Active
TXN00385,ATM_DEL_007,Delhi,11-12-2024 09:24,PIN Change,1000,0,Semi-Urban,Wednesday,126714,No,Down
TXN00386,ATM_BAN_014,Bangalore,06-09-2024 23:13,Mini Statement,15000,0,Rural,Friday,184724,No,Down
TXN00387,ATM_MUM_014,Mumbai,14-08-2024 11:59,Fund Transfer,5000,0,Rural,Wednesday,73946,Yes,Down
TXN00388,ATM_HYD_010,Hyderabad,09-02-2024 03:38,Mini Statement,1000,0,Rural,Friday,115947,No,Active
TXN00389,ATM_MUM_006,Mumbai,05-02-2024 22:50,Mini Statement,10000,0,Semi-Urban,Monday,112518,No,Active
TXN00390,ATM_MUM_009,Mumbai,16-07-2024 05:43,PIN Change,1000,0,Semi-Urban,Tuesday,416778,No,Active
TXN00391,ATM_PUN_013,Pune,10-03-2025 15:57,PIN Change,20000,51,Semi-Urban,Monday,297534,No,Active
TXN00392,ATM_PUN_007,Pune,06-05-2025 05:15,Cash Withdrawal,10000,0,Semi-Urban,Tuesday,104397,No,Active
TXN00393,ATM_HYD_005,Hyderabad,17-10-2024 09:24,Cash Deposit,20000,0,Urban,Thursday,323677,No,Active
TXN00394,ATM_KOL_001,Kolkata,12-07-2024 12:38,Cash Withdrawal,500,0,Rural,Friday,249105,No,Active
TXN00395,ATM_KOL_015,Kolkata,01-03-2024 19:44,Balance Inquiry,2000,0,Semi-Urban,Friday,309506,No,Down
TXN00396,ATM_BAN_001,Bangalore,17-06-2024 05:47,PIN Change,5000,0,Rural,Monday,56508,Yes,Active
TXN00397,ATM_BAN_014,Bangalore,21-12-2024 21:57,Cash Withdrawal,15000,0,Semi-Urban,Saturday,200706,No,Active
TXN00398,ATM_KOL_015,Kolkata,07-04-2025 15:27,Cash Deposit,2000,96,Urban,Monday,93234,Yes,Down
TXN00399,ATM_MUM_005,Mumbai,17-07-2024 15:16,Cash Withdrawal,15000,0,Urban,Wednesday,439181,No,Down
TXN00400,ATM_DEL_012,Delhi,26-01-2024 14:15,Cash Deposit,1000,55,Rural,Friday,236931,No,Active
TXN00401,ATM_MUM_010,Mumbai,26-04-2024 10:09,PIN Change,2000,0,Rural,Friday,201657,No,Down
TXN00402,ATM_DEL_002,Delhi,14-04-2024 13:45,Cash Deposit,15000,0,Semi-Urban,Sunday,328656,No,Down
TXN00403,ATM_DEL_008,Delhi,01-07-2024 18:36,PIN Change,20000,0,Urban,Monday,95055,Yes,Active
TXN00404,ATM_CHE_001,Chennai,27-09-2024 16:55,Mini Statement,1000,0,Urban,Friday,255308,No,Active
TXN00405,ATM_PUN_013,Pune,03-05-2025 08:36,Balance Inquiry,2000,0,Urban,Saturday,335024,No,Active
TXN00406,ATM_DEL_010,Delhi,08-07-2024 23:13,Cash Deposit,10000,0,Semi-Urban,Monday,92306,Yes,Active
TXN00407,ATM_MUM_001,Mumbai,05-04-2025 21:44,Balance Inquiry,20000,0,Urban,Saturday,194625,No,Active
TXN00408,ATM_MUM_001,Mumbai,20-01-2025 18:23,Balance Inquiry,5000,0,Semi-Urban,Monday,173539,No,Active
TXN00409,ATM_CHE_008,Chennai,06-05-2025 04:54,Cash Withdrawal,500,0,Semi-Urban,Tuesday,411072,No,Down
TXN00410,ATM_KOL_014,Kolkata,04-04-2024 19:15,Cash Deposit,500,51,Semi-Urban,Thursday,411635,No,Active
TXN00411,ATM_HYD_007,Hyderabad,07-11-2024 03:32,Cash Withdrawal,1000,0,Rural,Thursday,402658,No,Active
TXN00412,ATM_CHE_006,Chennai,05-08-2024 16:51,Mini Statement,2000,0,Semi-Urban,Monday,287418,No,Active
TXN00413,ATM_CHE_005,Chennai,22-01-2024 18:08,PIN Change,1000,0,Urban,Monday,223778,No,Down
TXN00414,ATM_BAN_014,Bangalore,22-09-2024 00:44,PIN Change,2000,0,Semi-Urban,Sunday,382074,No,Active
TXN00415,ATM_CHE_001,Chennai,19-12-2024 19:52,Cash Withdrawal,5000,96,Rural,Thursday,490454,No,Down
TXN00416,ATM_PUN_015,Pune,28-10-2024 22:29,Cash Deposit,5000,96,Rural,Monday,364735,No,Down
TXN00417,ATM_PUN_006,Pune,01-10-2024 01:20,Cash Withdrawal,10000,0,Urban,Tuesday,348237,No,Down
TXN00418,ATM_KOL_010,Kolkata,28-06-2024 00:12,PIN Change,2000,51,Rural,Friday,399472,No,Down
TXN00419,ATM_DEL_012,Delhi,07-04-2025 20:13,Cash Withdrawal,2000,0,Urban,Monday,371194,No,Down
TXN00420,ATM_DEL_002,Delhi,12-01-2024 16:07,Cash Deposit,2000,96,Rural,Friday,438257,No,Down
TXN00421,ATM_CHE_001,Chennai,17-04-2025 23:53,Fund Transfer,15000,51,Urban,Thursday,263607,No,Down
TXN00422,ATM_PUN_006,Pune,08-03-2025 04:22,Cash Deposit,1000,0,Rural,Saturday,346133,No,Down
TXN00423,ATM_BAN_011,Bangalore,29-07-2024 03:16,Balance Inquiry,10000,0,Urban,Monday,334809,No,Active
TXN00424,ATM_DEL_001,Delhi,23-09-2024 02:47,Cash Deposit,500,51,Urban,Monday,182903,No,Active
TXN00425,ATM_BAN_009,Bangalore,01-10-2024 19:52,Mini Statement,500,0,Urban,Tuesday,490406,No,Active
TXN00426,ATM_KOL_008,Kolkata,27-10-2024 05:52,Balance Inquiry,20000,0,Urban,Sunday,377860,No,Down
TXN00427,ATM_HYD_014,Hyderabad,16-02-2025 03:02,Cash Withdrawal,500,55,Urban,Sunday,363257,No,Active
TXN00428,ATM_CHE_009,Chennai,17-10-2024 06:28,Balance Inquiry,1000,51,Semi-Urban,Thursday,260554,No,Active
TXN00429,ATM_BAN_013,Bangalore,13-06-2024 02:28,Cash Deposit,20000,0,Urban,Thursday,190362,No,Active
TXN00430,ATM_BAN_009,Bangalore,24-05-2024 04:23,Cash Deposit,1000,0,Semi-Urban,Friday,117567,No,Down
TXN00431,ATM_HYD_002,Hyderabad,24-07-2024 02:50,Balance Inquiry,15000,0,Semi-Urban,Wednesday,66489,Yes,Active
TXN00432,ATM_KOL_014,Kolkata,05-01-2025 22:28,Cash Withdrawal,500,0,Semi-Urban,Sunday,60178,Yes,Active
TXN00433,ATM_MUM_004,Mumbai,13-01-2024 02:08,Cash Withdrawal,10000,0,Semi-Urban,Saturday,140928,No,Active
TXN00434,ATM_BAN_006,Bangalore,27-10-2024 17:04,Mini Statement,2000,0,Semi-Urban,Sunday,440478,No,Active
TXN00435,ATM_HYD_012,Hyderabad,04-01-2024 17:56,Fund Transfer,5000,0,Rural,Thursday,499685,No,Active
TXN00436,ATM_KOL_005,Kolkata,08-03-2025 21:06,Balance Inquiry,5000,55,Rural,Saturday,283033,No,Active
TXN00437,ATM_CHE_005,Chennai,28-05-2024 03:19,Fund Transfer,500,96,Semi-Urban,Tuesday,242222,No,Active
TXN00438,ATM_BAN_001,Bangalore,30-04-2025 05:17,Fund Transfer,20000,0,Urban,Wednesday,347425,No,Active
TXN00439,ATM_CHE_014,Chennai,30-04-2024 13:33,PIN Change,5000,0,Semi-Urban,Tuesday,184808,No,Active
TXN00440,ATM_DEL_008,Delhi,12-12-2024 06:21,Cash Withdrawal,20000,0,Rural,Thursday,232174,No,Active
TXN00441,ATM_CHE_015,Chennai,19-07-2024 12:17,Mini Statement,15000,51,Rural,Friday,374977,No,Active
TXN00442,ATM_HYD_015,Hyderabad,05-11-2024 07:43,PIN Change,10000,0,Semi-Urban,Tuesday,399918,No,Active
TXN00443,ATM_KOL_004,Kolkata,16-08-2024 18:07,Cash Withdrawal,20000,0,Urban,Friday,399504,No,Active
TXN00444,ATM_MUM_014,Mumbai,11-12-2024 18:51,Balance Inquiry,500,0,Urban,Wednesday,50369,Yes,Active
TXN00445,ATM_HYD_001,Hyderabad,13-02-2025 16:38,Mini Statement,2000,55,Semi-Urban,Thursday,321077,No,Active
TXN00446,ATM_BAN_004,Bangalore,28-09-2024 06:26,Cash Deposit,1000,0,Urban,Saturday,405757,No,Active
TXN00447,ATM_MUM_012,Mumbai,21-01-2025 12:23,Fund Transfer,500,0,Semi-Urban,Tuesday,237568,No,Active
TXN00448,ATM_DEL_012,Delhi,07-03-2024 00:08,Balance Inquiry,1000,0,Rural,Thursday,231836,No,Active
TXN00449,ATM_PUN_013,Pune,26-09-2024 10:19,Cash Withdrawal,1000,0,Urban,Thursday,160707,No,Active
TXN00450,ATM_CHE_013,Chennai,09-02-2024 18:45,Cash Withdrawal,15000,0,Rural,Friday,173161,No,Down
TXN00451,ATM_CHE_006,Chennai,24-05-2024 18:45,Cash Deposit,1000,55,Urban,Friday,442437,No,Active
TXN00452,ATM_MUM_009,Mumbai,30-04-2025 05:27,Cash Deposit,20000,0,Rural,Wednesday,86601,Yes,Active
TXN00453,ATM_BAN_003,Bangalore,28-04-2024 13:40,PIN Change,500,0,Semi-Urban,Sunday,284203,No,Active
TXN00454,ATM_DEL_014,Delhi,05-07-2024 15:06,Cash Withdrawal,10000,55,Rural,Friday,233804,No,Active
TXN00455,ATM_HYD_005,Hyderabad,02-01-2025 07:27,Fund Transfer,15000,0,Rural,Thursday,192373,No,Active
TXN00456,ATM_CHE_011,Chennai,26-06-2024 23:19,Mini Statement,5000,0,Urban,Wednesday,327791,No,Active
TXN00457,ATM_MUM_010,Mumbai,04-05-2025 06:01,Cash Deposit,500,55,Urban,Sunday,99823,Yes,Active
TXN00458,ATM_HYD_012,Hyderabad,02-03-2024 11:04,Balance Inquiry,5000,0,Urban,Saturday,258066,No,Active
TXN00459,ATM_PUN_014,Pune,05-01-2024 01:15,Mini Statement,2000,0,Urban,Friday,361279,No,Down
TXN00460,ATM_MUM_013,Mumbai,24-11-2024 02:31,Cash Deposit,15000,0,Urban,Sunday,391772,No,Active
TXN00461,ATM_DEL_012,Delhi,12-05-2024 03:18,Fund Transfer,2000,0,Semi-Urban,Sunday,485163,No,Active
TXN00462,ATM_HYD_010,Hyderabad,31-12-2024 02:06,Fund Transfer,20000,0,Semi-Urban,Tuesday,377460,No,Active
TXN00463,ATM_DEL_006,Delhi,18-01-2024 13:10,PIN Change,15000,0,Rural,Thursday,456854,No,Down
TXN00464,ATM_CHE_004,Chennai,05-01-2024 21:56,PIN Change,500,0,Urban,Friday,300144,No,Active
TXN00465,ATM_CHE_012,Chennai,09-04-2025 14:26,Mini Statement,500,0,Urban,Wednesday,419349,No,Active
TXN00466,ATM_MUM_010,Mumbai,12-10-2024 00:04,Cash Deposit,10000,0,Urban,Saturday,98817,Yes,Active
TXN00467,ATM_PUN_012,Pune,13-01-2025 23:44,Cash Withdrawal,2000,0,Rural,Monday,106565,No,Down
TXN00468,ATM_KOL_011,Kolkata,27-09-2024 09:00,Mini Statement,15000,0,Semi-Urban,Friday,247766,No,Active
TXN00469,ATM_BAN_006,Bangalore,28-06-2024 03:53,Mini Statement,10000,0,Semi-Urban,Friday,107380,No,Down
TXN00470,ATM_BAN_009,Bangalore,03-02-2024 01:53,Mini Statement,10000,0,Semi-Urban,Saturday,416375,No,Active
TXN00471,ATM_CHE_002,Chennai,04-06-2024 04:04,Cash Withdrawal,500,51,Urban,Tuesday,381070,No,Active
TXN00472,ATM_MUM_005,Mumbai,21-01-2024 04:25,Mini Statement,10000,0,Urban,Sunday,420577,No,Active
TXN00473,ATM_PUN_001,Pune,20-02-2024 01:36,Fund Transfer,15000,0,Rural,Tuesday,284527,No,Active
TXN00474,ATM_HYD_012,Hyderabad,11-02-2025 08:32,Mini Statement,15000,0,Semi-Urban,Tuesday,268169,No,Active
TXN00475,ATM_PUN_010,Pune,08-03-2025 22:27,Balance Inquiry,15000,0,Rural,Saturday,126698,No,Active
TXN00476,ATM_KOL_014,Kolkata,27-01-2024 01:34,Mini Statement,2000,55,Rural,Saturday,416385,No,Down
TXN00477,ATM_HYD_013,Hyderabad,09-03-2025 10:13,Cash Withdrawal,2000,96,Urban,Sunday,475203,No,Active
TXN00478,ATM_KOL_011,Kolkata,20-07-2024 15:28,Cash Deposit,15000,0,Rural,Saturday,355790,No,Down
TXN00479,ATM_HYD_009,Hyderabad,12-05-2025 23:45,PIN Change,2000,0,Urban,Monday,262106,No,Active
TXN00480,ATM_KOL_004,Kolkata,14-11-2024 07:58,Balance Inquiry,2000,0,Rural,Thursday,318055,No,Down
TXN00481,ATM_KOL_003,Kolkata,15-06-2024 15:48,Mini Statement,15000,0,Rural,Saturday,375675,No,Active
TXN00482,ATM_PUN_011,Pune,21-08-2024 08:55,PIN Change,10000,55,Semi-Urban,Wednesday,263152,No,Active
TXN00483,ATM_CHE_008,Chennai,25-04-2024 03:13,Cash Deposit,500,0,Semi-Urban,Thursday,408117,No,Down
TXN00484,ATM_DEL_004,Delhi,09-01-2024 23:46,Mini Statement,500,0,Urban,Tuesday,232087,No,Active
TXN00485,ATM_PUN_007,Pune,25-02-2024 10:44,Cash Withdrawal,2000,0,Semi-Urban,Sunday,433923,No,Active
TXN00486,ATM_KOL_003,Kolkata,11-04-2024 00:51,Fund Transfer,1000,0,Rural,Thursday,91167,Yes,Down
TXN00487,ATM_CHE_014,Chennai,12-02-2024 09:48,PIN Change,5000,51,Rural,Monday,221661,No,Active
TXN00488,ATM_KOL_006,Kolkata,13-11-2024 23:09,Cash Withdrawal,20000,0,Urban,Wednesday,326101,No,Active
TXN00489,ATM_BAN_014,Bangalore,09-02-2025 09:23,Cash Withdrawal,5000,55,Urban,Sunday,238472,No,Down
TXN00490,ATM_BAN_006,Bangalore,09-03-2025 23:10,PIN Change,20000,0,Semi-Urban,Sunday,341971,No,Active
TXN00491,ATM_KOL_015,Kolkata,02-03-2024 03:46,PIN Change,10000,0,Rural,Saturday,89713,Yes,Active
TXN00492,ATM_HYD_003,Hyderabad,13-02-2024 23:54,Balance Inquiry,20000,0,Rural,Tuesday,188473,No,Active
TXN00493,ATM_PUN_015,Pune,12-11-2024 12:42,PIN Change,2000,55,Rural,Tuesday,443703,No,Active
TXN00494,ATM_KOL_003,Kolkata,02-03-2024 18:00,Cash Deposit,2000,0,Urban,Saturday,487505,No,Active
TXN00495,ATM_HYD_004,Hyderabad,12-09-2024 22:39,Fund Transfer,500,0,Urban,Thursday,288192,No,Active
TXN00496,ATM_KOL_002,Kolkata,15-04-2025 08:26,Mini Statement,10000,51,Semi-Urban,Tuesday,89488,Yes,Active
TXN00497,ATM_PUN_011,Pune,30-03-2025 16:59,Balance Inquiry,15000,0,Rural,Sunday,218663,No,Active
TXN00498,ATM_BAN_007,Bangalore,27-04-2025 03:52,Cash Withdrawal,500,0,Rural,Sunday,235017,No,Active
TXN00499,ATM_BAN_007,Bangalore,03-08-2024 13:58,PIN Change,20000,0,Rural,Saturday,53906,Yes,Down
TXN00500,ATM_KOL_014,Kolkata,02-01-2025 21:59,Cash Withdrawal,5000,51,Urban,Thursday,329610,No,Active
TXN00501,ATM_KOL_008,Kolkata,16-01-2025 07:12,PIN Change,15000,0,Urban,Thursday,310626,No,Active
TXN00502,ATM_KOL_010,Kolkata,02-06-2024 02:17,Balance Inquiry,1000,0,Urban,Sunday,483062,No,Down
TXN00503,ATM_HYD_011,Hyderabad,11-12-2024 15:37,Cash Deposit,10000,0,Urban,Wednesday,163161,No,Down
TXN00504,ATM_MUM_009,Mumbai,12-02-2024 05:38,Cash Deposit,1000,0,Semi-Urban,Monday,301542,No,Down
TXN00505,ATM_CHE_014,Chennai,26-09-2024 03:49,Cash Deposit,5000,0,Urban,Thursday,58802,Yes,Active
TXN00506,ATM_BAN_001,Bangalore,16-07-2024 14:37,Cash Deposit,2000,0,Urban,Tuesday,428242,No,Active
TXN00507,ATM_DEL_011,Delhi,21-01-2025 22:26,PIN Change,2000,0,Semi-Urban,Tuesday,100509,No,Active
TXN00508,ATM_BAN_008,Bangalore,03-02-2024 00:54,Cash Withdrawal,1000,0,Rural,Saturday,420744,No,Active
TXN00509,ATM_CHE_015,Chennai,12-03-2025 00:10,Balance Inquiry,20000,0,Urban,Wednesday,236330,No,Active
TXN00510,ATM_PUN_014,Pune,28-09-2024 04:16,Cash Withdrawal,500,55,Rural,Saturday,224623,No,Down
TXN00511,ATM_HYD_015,Hyderabad,07-01-2024 09:30,Mini Statement,500,0,Semi-Urban,Sunday,331648,No,Active
TXN00512,ATM_BAN_005,Bangalore,01-01-2024 10:11,Mini Statement,2000,0,Urban,Monday,332343,No,Down
TXN00513,ATM_KOL_006,Kolkata,22-04-2024 19:00,Balance Inquiry,20000,0,Semi-Urban,Monday,63159,Yes,Active
TXN00514,ATM_HYD_012,Hyderabad,22-11-2024 15:53,Balance Inquiry,500,0,Rural,Friday,240053,No,Active
TXN00515,ATM_KOL_006,Kolkata,30-09-2024 04:39,Mini Statement,500,0,Urban,Monday,425935,No,Active
TXN00516,ATM_HYD_007,Hyderabad,02-05-2024 05:54,Fund Transfer,500,55,Urban,Thursday,202764,No,Active
TXN00517,ATM_BAN_002,Bangalore,12-09-2024 13:20,Mini Statement,10000,0,Urban,Thursday,86319,Yes,Active
TXN00518,ATM_KOL_008,Kolkata,07-03-2025 13:02,Mini Statement,2000,0,Urban,Friday,117095,No,Active
TXN00519,ATM_BAN_004,Bangalore,19-10-2024 12:37,Balance Inquiry,20000,0,Urban,Saturday,422827,No,Active
TXN00520,ATM_CHE_014,Chennai,15-07-2024 15:09,Mini Statement,5000,0,Semi-Urban,Monday,373205,No,Down
TXN00521,ATM_DEL_006,Delhi,30-03-2024 07:57,Mini Statement,20000,0,Rural,Saturday,405643,No,Active
TXN00522,ATM_KOL_007,Kolkata,04-09-2024 19:01,Cash Deposit,2000,0,Semi-Urban,Wednesday,82048,Yes,Down
TXN00523,ATM_HYD_012,Hyderabad,04-03-2025 15:33,Cash Withdrawal,20000,0,Urban,Tuesday,370006,No,Down
TXN00524,ATM_HYD_012,Hyderabad,14-12-2024 04:45,PIN Change,20000,0,Urban,Saturday,57209,Yes,Active
TXN00525,ATM_CHE_005,Chennai,28-11-2024 14:25,Balance Inquiry,500,0,Semi-Urban,Thursday,246166,No,Active
TXN00526,ATM_DEL_004,Delhi,12-08-2024 13:43,Balance Inquiry,10000,0,Rural,Monday,173295,No,Active
TXN00527,ATM_PUN_009,Pune,06-01-2025 15:56,Fund Transfer,1000,0,Semi-Urban,Monday,382055,No,Active
TXN00528,ATM_CHE_009,Chennai,26-09-2024 07:09,Fund Transfer,5000,0,Semi-Urban,Thursday,169831,No,Down
TXN00529,ATM_BAN_008,Bangalore,08-01-2025 17:32,Cash Withdrawal,15000,51,Rural,Wednesday,179658,No,Active
TXN00530,ATM_MUM_012,Mumbai,07-01-2024 14:00,PIN Change,20000,0,Urban,Sunday,116700,No,Active
TXN00531,ATM_BAN_009,Bangalore,06-03-2025 05:54,Fund Transfer,10000,0,Urban,Thursday,299681,No,Active
TXN00532,ATM_CHE_012,Chennai,24-07-2024 09:15,Cash Deposit,1000,51,Urban,Wednesday,111164,No,Down
TXN00533,ATM_BAN_014,Bangalore,31-01-2024 00:40,PIN Change,1000,0,Semi-Urban,Wednesday,159566,No,Active
TXN00534,ATM_CHE_012,Chennai,13-02-2025 07:06,Mini Statement,1000,55,Rural,Thursday,409630,No,Down
TXN00535,ATM_KOL_008,Kolkata,23-04-2024 22:48,Cash Deposit,1000,0,Semi-Urban,Tuesday,83739,Yes,Active
TXN00536,ATM_MUM_010,Mumbai,08-02-2024 10:14,Cash Deposit,1000,51,Rural,Thursday,382192,No,Active
TXN00537,ATM_DEL_011,Delhi,19-12-2024 07:00,Mini Statement,15000,0,Urban,Thursday,281180,No,Active
TXN00538,ATM_BAN_015,Bangalore,30-11-2024 20:09,Cash Withdrawal,1000,55,Semi-Urban,Saturday,300787,No,Active
TXN00539,ATM_BAN_009,Bangalore,08-06-2024 22:42,PIN Change,5000,51,Semi-Urban,Saturday,352659,No,Active
TXN00540,ATM_MUM_011,Mumbai,25-10-2024 05:40,PIN Change,5000,0,Rural,Friday,434855,No,Down
TXN00541,ATM_HYD_009,Hyderabad,13-04-2025 12:35,Cash Deposit,15000,51,Semi-Urban,Sunday,167919,No,Down
TXN00542,ATM_MUM_002,Mumbai,16-07-2024 11:40,Mini Statement,15000,51,Rural,Tuesday,261001,No,Active
TXN00543,ATM_CHE_010,Chennai,25-08-2024 07:30,Cash Deposit,500,0,Semi-Urban,Sunday,135099,No,Active
TXN00544,ATM_PUN_004,Pune,22-06-2024 13:26,Mini Statement,5000,0,Semi-Urban,Saturday,80172,Yes,Active
TXN00545,ATM_DEL_008,Delhi,26-11-2024 06:15,Mini Statement,5000,0,Urban,Tuesday,191177,No,Active
TXN00546,ATM_BAN_006,Bangalore,30-03-2024 15:24,Mini Statement,1000,96,Semi-Urban,Saturday,248138,No,Active
TXN00547,ATM_MUM_005,Mumbai,10-11-2024 05:01,PIN Change,5000,0,Rural,Sunday,368884,No,Down
TXN00548,ATM_CHE_008,Chennai,11-12-2024 19:34,Mini Statement,1000,0,Semi-Urban,Wednesday,370032,No,Down
TXN00549,ATM_PUN_010,Pune,06-02-2025 19:11,Mini Statement,20000,0,Urban,Thursday,184113,No,Active
TXN00550,ATM_MUM_001,Mumbai,25-11-2024 02:31,Mini Statement,15000,51,Urban,Monday,487762,No,Active
TXN00551,ATM_DEL_007,Delhi,06-09-2024 23:28,Cash Withdrawal,1000,0,Urban,Friday,373149,No,Active
TXN00552,ATM_HYD_015,Hyderabad,26-01-2024 07:52,Cash Deposit,1000,0,Rural,Friday,107195,No,Active
TXN00553,ATM_BAN_011,Bangalore,05-04-2024 21:28,Balance Inquiry,10000,0,Semi-Urban,Friday,77494,Yes,Down
TXN00554,ATM_KOL_003,Kolkata,27-02-2024 20:38,PIN Change,5000,0,Urban,Tuesday,216817,No,Down
TXN00555,ATM_KOL_015,Kolkata,30-04-2024 21:14,Balance Inquiry,20000,0,Urban,Tuesday,61433,Yes,Active
TXN00556,ATM_MUM_002,Mumbai,04-02-2025 03:54,Cash Withdrawal,5000,0,Urban,Tuesday,145002,No,Active
TXN00557,ATM_MUM_009,Mumbai,22-09-2024 16:10,Fund Transfer,5000,0,Rural,Sunday,442442,No,Active
TXN00558,ATM_BAN_014,Bangalore,05-01-2025 02:52,Balance Inquiry,500,55,Urban,Sunday,263816,No,Active
TXN00559,ATM_DEL_013,Delhi,21-04-2025 18:20,Cash Deposit,10000,0,Semi-Urban,Monday,257835,No,Active
TXN00560,ATM_PUN_008,Pune,27-01-2024 09:10,Mini Statement,10000,0,Rural,Saturday,433452,No,Active
TXN00561,ATM_MUM_001,Mumbai,09-01-2024 22:06,Fund Transfer,5000,0,Urban,Tuesday,184444,No,Down
TXN00562,ATM_CHE_003,Chennai,25-04-2025 06:16,PIN Change,15000,96,Rural,Friday,380657,No,Active
TXN00563,ATM_CHE_007,Chennai,15-02-2024 09:24,PIN Change,15000,96,Semi-Urban,Thursday,371285,No,Active
TXN00564,ATM_DEL_002,Delhi,20-01-2024 22:22,Fund Transfer,1000,0,Rural,Saturday,190847,No,Down
TXN00565,ATM_CHE_005,Chennai,28-10-2024 03:46,Cash Deposit,20000,0,Rural,Monday,302633,No,Active
TXN00566,ATM_CHE_001,Chennai,01-03-2025 09:52,Fund Transfer,1000,0,Rural,Saturday,481469,No,Active
TXN00567,ATM_CHE_003,Chennai,27-04-2024 02:20,Fund Transfer,5000,0,Semi-Urban,Saturday,352111,No,Active
TXN00568,ATM_PUN_002,Pune,09-04-2024 11:01,Mini Statement,20000,0,Rural,Tuesday,398358,No,Down
TXN00569,ATM_CHE_004,Chennai,14-08-2024 20:55,Balance Inquiry,5000,96,Urban,Wednesday,95341,Yes,Active
TXN00570,ATM_BAN_014,Bangalore,13-03-2025 17:17,Mini Statement,10000,0,Urban,Thursday,367356,No,Active
TXN00571,ATM_CHE_003,Chennai,25-09-2024 10:46,Cash Deposit,500,0,Semi-Urban,Wednesday,161310,No,Down
TXN00572,ATM_KOL_013,Kolkata,08-03-2025 23:11,Balance Inquiry,2000,0,Rural,Saturday,394149,No,Active
TXN00573,ATM_MUM_012,Mumbai,01-06-2024 23:31,Fund Transfer,15000,0,Urban,Saturday,139268,No,Active
TXN00574,ATM_KOL_010,Kolkata,20-01-2024 12:38,Cash Withdrawal,10000,51,Rural,Saturday,148105,No,Active
TXN00575,ATM_PUN_015,Pune,06-03-2025 18:24,Cash Deposit,2000,0,Rural,Thursday,253662,No,Down
TXN00576,ATM_BAN_015,Bangalore,24-08-2024 01:40,Cash Withdrawal,500,0,Urban,Saturday,323559,No,Active
TXN00577,ATM_DEL_002,Delhi,05-05-2025 02:32,Cash Deposit,20000,0,Semi-Urban,Monday,154414,No,Active
TXN00578,ATM_CHE_015,Chennai,18-12-2024 23:08,Balance Inquiry,10000,0,Urban,Wednesday,304397,No,Down
TXN00579,ATM_KOL_001,Kolkata,13-02-2025 12:38,Cash Deposit,500,0,Semi-Urban,Thursday,306970,No,Active
TXN00580,ATM_MUM_006,Mumbai,18-04-2025 22:51,Fund Transfer,10000,0,Urban,Friday,366523,No,Active
TXN00581,ATM_BAN_002,Bangalore,15-10-2024 06:55,Fund Transfer,2000,0,Urban,Tuesday,499276,No,Down
TXN00582,ATM_DEL_007,Delhi,29-02-2024 03:46,PIN Change,10000,0,Rural,Thursday,253486,No,Down
TXN00583,ATM_PUN_015,Pune,18-04-2024 04:05,Balance Inquiry,5000,96,Semi-Urban,Thursday,173241,No,Active
TXN00584,ATM_KOL_013,Kolkata,22-09-2024 20:55,Cash Deposit,10000,0,Urban,Sunday,75739,Yes,Active
TXN00585,ATM_CHE_013,Chennai,05-04-2024 05:09,Cash Deposit,2000,0,Semi-Urban,Friday,321177,No,Active
TXN00586,ATM_BAN_002,Bangalore,31-01-2025 12:23,Balance Inquiry,10000,0,Rural,Friday,106547,No,Active
TXN00587,ATM_HYD_005,Hyderabad,12-09-2024 04:40,Cash Deposit,10000,0,Urban,Thursday,252567,No,Down
TXN00588,ATM_BAN_004,Bangalore,01-04-2025 22:07,Balance Inquiry,20000,0,Urban,Tuesday,286369,No,Active
TXN00589,ATM_BAN_011,Bangalore,18-07-2024 11:32,Mini Statement,1000,0,Rural,Thursday,99918,Yes,Active
TXN00590,ATM_DEL_009,Delhi,21-08-2024 18:59,Cash Deposit,10000,0,Urban,Wednesday,461326,No,Active
TXN00591,ATM_HYD_009,Hyderabad,04-11-2024 21:32,PIN Change,2000,0,Urban,Monday,481637,No,Active
TXN00592,ATM_KOL_004,Kolkata,10-11-2024 06:12,Mini Statement,20000,55,Semi-Urban,Sunday,77506,Yes,Active
TXN00593,ATM_KOL_015,Kolkata,04-01-2024 23:32,Cash Withdrawal,20000,96,Urban,Thursday,442351,No,Down
TXN00594,ATM_BAN_009,Bangalore,19-12-2024 15:18,Cash Withdrawal,10000,0,Rural,Thursday,479224,No,Active
TXN00595,ATM_MUM_006,Mumbai,13-03-2025 23:02,Mini Statement,10000,0,Semi-Urban,Thursday,101889,No,Active
TXN00596,ATM_MUM_003,Mumbai,25-10-2024 20:35,Fund Transfer,2000,96,Urban,Friday,479837,No,Active
TXN00597,ATM_DEL_009,Delhi,14-05-2025 03:37,Fund Transfer,10000,51,Rural,Wednesday,290303,No,Active
TXN00598,ATM_CHE_001,Chennai,23-12-2024 15:09,PIN Change,5000,0,Rural,Monday,392605,No,Down
TXN00599,ATM_KOL_004,Kolkata,06-12-2024 09:57,Balance Inquiry,15000,0,Urban,Friday,346275,No,Active
TXN00600,ATM_KOL_006,Kolkata,26-11-2024 09:04,Cash Deposit,1000,51,Rural,Tuesday,312808,No,Active
TXN00601,ATM_MUM_014,Mumbai,03-03-2025 15:13,Cash Withdrawal,5000,0,Rural,Monday,83754,Yes,Active
TXN00602,ATM_KOL_011,Kolkata,20-11-2024 08:37,Fund Transfer,5000,0,Rural,Wednesday,495806,No,Active
TXN00603,ATM_DEL_013,Delhi,16-02-2024 07:58,Fund Transfer,500,0,Urban,Friday,397554,No,Active
TXN00604,ATM_KOL_010,Kolkata,03-08-2024 06:59,PIN Change,5000,0,Semi-Urban,Saturday,126589,No,Active
TXN00605,ATM_HYD_001,Hyderabad,22-11-2024 05:40,Cash Deposit,5000,0,Semi-Urban,Friday,99663,Yes,Active
TXN00606,ATM_BAN_005,Bangalore,06-02-2024 07:08,Cash Deposit,2000,96,Semi-Urban,Tuesday,295809,No,Down
TXN00607,ATM_MUM_002,Mumbai,26-06-2024 19:13,Balance Inquiry,10000,0,Semi-Urban,Wednesday,281251,No,Active
TXN00608,ATM_PUN_007,Pune,16-02-2025 12:48,Cash Deposit,10000,0,Urban,Sunday,451379,No,Active
TXN00609,ATM_BAN_007,Bangalore,04-02-2025 18:28,Cash Withdrawal,15000,0,Urban,Tuesday,196027,No,Active
TXN00610,ATM_HYD_005,Hyderabad,06-03-2024 16:58,Balance Inquiry,2000,51,Semi-Urban,Wednesday,135738,No,Active
TXN00611,ATM_BAN_008,Bangalore,05-11-2024 20:53,Balance Inquiry,5000,0,Rural,Tuesday,376089,No,Down
TXN00612,ATM_BAN_010,Bangalore,10-02-2025 21:08,Cash Deposit,10000,51,Semi-Urban,Monday,451542,No,Active
TXN00613,ATM_KOL_005,Kolkata,18-06-2024 10:24,Cash Withdrawal,5000,55,Semi-Urban,Tuesday,227683,No,Active
TXN00614,ATM_CHE_003,Chennai,02-02-2024 14:11,Mini Statement,500,51,Rural,Friday,83694,Yes,Active
TXN00615,ATM_MUM_003,Mumbai,03-03-2024 06:39,Balance Inquiry,5000,0,Rural,Sunday,275598,No,Active
TXN00616,ATM_BAN_013,Bangalore,02-11-2024 14:48,Cash Deposit,10000,0,Semi-Urban,Saturday,429899,No,Active
TXN00617,ATM_PUN_014,Pune,01-04-2025 06:33,Balance Inquiry,2000,0,Rural,Tuesday,108312,No,Active
TXN00618,ATM_CHE_009,Chennai,14-01-2025 02:08,Balance Inquiry,2000,0,Semi-Urban,Tuesday,164472,No,Active
TXN00619,ATM_CHE_012,Chennai,13-11-2024 03:24,Mini Statement,20000,51,Semi-Urban,Wednesday,182578,No,Active
TXN00620,ATM_BAN_005,Bangalore,11-03-2025 22:11,Cash Withdrawal,10000,55,Urban,Tuesday,82317,Yes,Active
TXN00621,ATM_MUM_003,Mumbai,05-06-2024 01:53,Cash Deposit,10000,0,Urban,Wednesday,325324,No,Active
TXN00622,ATM_KOL_003,Kolkata,13-06-2024 14:58,Balance Inquiry,10000,0,Urban,Thursday,230812,No,Active
TXN00623,ATM_PUN_009,Pune,04-04-2024 09:24,Fund Transfer,15000,0,Semi-Urban,Thursday,215065,No,Active
TXN00624,ATM_BAN_011,Bangalore,03-12-2024 23:08,PIN Change,2000,0,Rural,Tuesday,131486,No,Active
TXN00625,ATM_PUN_012,Pune,20-09-2024 10:29,Balance Inquiry,15000,0,Rural,Friday,201847,No,Active
TXN00626,ATM_BAN_015,Bangalore,09-04-2025 08:11,Fund Transfer,10000,0,Semi-Urban,Wednesday,77527,Yes,Active
TXN00627,ATM_CHE_003,Chennai,20-05-2024 13:28,PIN Change,1000,51,Urban,Monday,146194,No,Active
TXN00628,ATM_HYD_009,Hyderabad,07-07-2024 04:00,PIN Change,15000,0,Rural,Sunday,157900,No,Active
TXN00629,ATM_BAN_007,Bangalore,31-05-2024 22:57,Balance Inquiry,5000,0,Urban,Friday,225590,No,Active
TXN00630,ATM_KOL_008,Kolkata,06-03-2024 14:44,PIN Change,20000,55,Urban,Wednesday,211053,No,Active
TXN00631,ATM_PUN_007,Pune,01-11-2024 14:03,PIN Change,500,0,Urban,Friday,133739,No,Active
TXN00632,ATM_PUN_002,Pune,16-02-2024 06:20,Mini Statement,5000,0,Urban,Friday,447327,No,Down
TXN00633,ATM_MUM_011,Mumbai,16-05-2024 19:27,Fund Transfer,20000,55,Rural,Thursday,120331,No,Active
TXN00634,ATM_CHE_005,Chennai,30-10-2024 07:01,Fund Transfer,15000,0,Rural,Wednesday,392204,No,Active
TXN00635,ATM_HYD_014,Hyderabad,30-07-2024 21:45,Balance Inquiry,500,0,Rural,Tuesday,422529,No,Active
TXN00636,ATM_PUN_015,Pune,30-09-2024 20:44,Cash Withdrawal,15000,55,Rural,Monday,161723,No,Active
TXN00637,ATM_PUN_004,Pune,01-02-2025 20:43,Cash Deposit,10000,0,Urban,Saturday,447474,No,Active
TXN00638,ATM_HYD_009,Hyderabad,06-05-2024 00:30,Cash Withdrawal,1000,0,Urban,Monday,271260,No,Active
TXN00639,ATM_MUM_006,Mumbai,24-04-2024 20:11,Fund Transfer,2000,0,Urban,Wednesday,357304,No,Active
TXN00640,ATM_DEL_010,Delhi,20-07-2024 01:53,Mini Statement,20000,51,Rural,Saturday,297104,No,Active
TXN00641,ATM_PUN_010,Pune,15-08-2024 09:56,Cash Withdrawal,2000,0,Semi-Urban,Thursday,276986,No,Down
TXN00642,ATM_KOL_007,Kolkata,13-03-2024 23:11,Cash Withdrawal,15000,0,Semi-Urban,Wednesday,437051,No,Down
TXN00643,ATM_PUN_002,Pune,13-03-2024 07:34,Mini Statement,500,51,Rural,Wednesday,258689,No,Active
TXN00644,ATM_DEL_004,Delhi,27-06-2024 07:13,Fund Transfer,2000,0,Urban,Thursday,360198,No,Active
TXN00645,ATM_BAN_010,Bangalore,09-06-2024 20:13,Cash Withdrawal,15000,0,Semi-Urban,Sunday,129919,No,Down
TXN00646,ATM_BAN_012,Bangalore,25-11-2024 10:32,Balance Inquiry,20000,0,Semi-Urban,Monday,396787,No,Active
TXN00647,ATM_BAN_001,Bangalore,15-02-2025 06:50,Mini Statement,2000,0,Semi-Urban,Saturday,203775,No,Active
TXN00648,ATM_PUN_010,Pune,24-07-2024 06:42,Cash Deposit,1000,0,Urban,Wednesday,491518,No,Active
TXN00649,ATM_BAN_004,Bangalore,16-03-2024 12:52,Mini Statement,1000,51,Urban,Saturday,450026,No,Active
TXN00650,ATM_MUM_003,Mumbai,21-11-2024 07:20,Cash Deposit,2000,0,Semi-Urban,Thursday,495815,No,Active
TXN00651,ATM_MUM_003,Mumbai,28-04-2025 02:27,Fund Transfer,10000,0,Rural,Monday,229914,No,Active
TXN00652,ATM_HYD_008,Hyderabad,30-03-2024 13:26,Cash Withdrawal,20000,0,Urban,Saturday,428496,No,Active
TXN00653,ATM_BAN_015,Bangalore,12-03-2024 17:11,Cash Deposit,5000,96,Rural,Tuesday,380766,No,Active
TXN00654,ATM_CHE_010,Chennai,05-09-2024 23:36,PIN Change,1000,0,Rural,Thursday,474581,No,Active
TXN00655,ATM_BAN_007,Bangalore,28-07-2024 22:37,Cash Deposit,20000,0,Urban,Sunday,192382,No,Active
TXN00656,ATM_MUM_014,Mumbai,19-07-2024 02:43,Balance Inquiry,15000,0,Urban,Friday,97999,Yes,Down
TXN00657,ATM_HYD_001,Hyderabad,07-09-2024 15:12,Cash Deposit,10000,0,Urban,Saturday,197840,No,Active
TXN00658,ATM_BAN_014,Bangalore,09-04-2025 10:38,Balance Inquiry,1000,0,Urban,Wednesday,155297,No,Active
TXN00659,ATM_PUN_013,Pune,22-09-2024 11:37,Cash Withdrawal,500,0,Semi-Urban,Sunday,177704,No,Active
TXN00660,ATM_HYD_006,Hyderabad,04-04-2025 21:11,Mini Statement,10000,0,Urban,Friday,469469,No,Active
TXN00661,ATM_BAN_004,Bangalore,07-02-2024 06:32,PIN Change,1000,0,Semi-Urban,Wednesday,419798,No,Active
TXN00662,ATM_MUM_005,Mumbai,22-10-2024 02:50,Cash Deposit,5000,0,Urban,Tuesday,296440,No,Down
TXN00663,ATM_MUM_001,Mumbai,04-04-2024 03:37,Cash Withdrawal,20000,55,Urban,Thursday,172626,No,Active
TXN00664,ATM_MUM_015,Mumbai,13-03-2025 00:41,PIN Change,1000,51,Semi-Urban,Thursday,239898,No,Active
TXN00665,ATM_HYD_014,Hyderabad,07-12-2024 07:43,Fund Transfer,2000,0,Urban,Saturday,71016,Yes,Active
TXN00666,ATM_HYD_008,Hyderabad,01-08-2024 21:34,Balance Inquiry,5000,51,Urban,Thursday,225097,No,Active
TXN00667,ATM_DEL_015,Delhi,01-05-2025 23:35,Balance Inquiry,10000,51,Urban,Thursday,413479,No,Active
TXN00668,ATM_DEL_015,Delhi,28-09-2024 12:44,Balance Inquiry,5000,0,Urban,Saturday,384453,No,Active
TXN00669,ATM_HYD_005,Hyderabad,02-01-2025 22:16,Balance Inquiry,10000,0,Rural,Thursday,296638,No,Active
TXN00670,ATM_PUN_011,Pune,18-10-2024 01:06,Fund Transfer,500,0,Rural,Friday,91751,Yes,Active
TXN00671,ATM_DEL_012,Delhi,26-10-2024 12:49,PIN Change,2000,0,Rural,Saturday,283858,No,Active
TXN00672,ATM_PUN_010,Pune,26-04-2024 17:15,Cash Deposit,20000,0,Rural,Friday,380093,No,Active
TXN00673,ATM_DEL_003,Delhi,01-05-2024 06:17,Cash Deposit,5000,0,Urban,Wednesday,196281,No,Active
TXN00674,ATM_CHE_014,Chennai,21-03-2025 19:53,Cash Deposit,2000,0,Urban,Friday,55258,Yes,Active
TXN00675,ATM_KOL_002,Kolkata,26-05-2024 02:03,PIN Change,5000,0,Urban,Sunday,391427,No,Active
TXN00676,ATM_MUM_001,Mumbai,04-06-2024 07:23,Cash Withdrawal,15000,96,Urban,Tuesday,193392,No,Down
TXN00677,ATM_KOL_006,Kolkata,09-03-2024 13:04,PIN Change,1000,0,Urban,Saturday,276858,No,Active
TXN00678,ATM_PUN_008,Pune,05-08-2024 15:03,Mini Statement,10000,0,Rural,Monday,87340,Yes,Down
TXN00679,ATM_HYD_002,Hyderabad,02-05-2025 23:54,PIN Change,20000,0,Urban,Friday,238073,No,Down
TXN00680,ATM_HYD_004,Hyderabad,21-10-2024 01:20,PIN Change,10000,0,Rural,Monday,272343,No,Active
TXN00681,ATM_MUM_005,Mumbai,01-05-2025 05:35,Cash Withdrawal,10000,51,Urban,Thursday,73823,Yes,Down
TXN00682,ATM_HYD_004,Hyderabad,12-06-2024 18:07,Balance Inquiry,5000,0,Rural,Wednesday,480911,No,Active
TXN00683,ATM_BAN_010,Bangalore,10-01-2025 04:06,Balance Inquiry,1000,0,Urban,Friday,187603,No,Active
TXN00684,ATM_DEL_008,Delhi,17-04-2024 19:35,Cash Deposit,1000,96,Semi-Urban,Wednesday,266640,No,Active
TXN00685,ATM_MUM_007,Mumbai,23-02-2025 10:18,Balance Inquiry,15000,0,Semi-Urban,Sunday,74972,Yes,Active
TXN00686,ATM_HYD_002,Hyderabad,23-08-2024 03:28,Fund Transfer,15000,51,Rural,Friday,84263,Yes,Active
TXN00687,ATM_MUM_005,Mumbai,22-02-2025 14:41,Cash Deposit,20000,0,Urban,Saturday,198544,No,Active
TXN00688,ATM_KOL_007,Kolkata,11-04-2024 14:27,Cash Withdrawal,20000,0,Urban,Thursday,166101,No,Active
TXN00689,ATM_BAN_003,Bangalore,06-04-2024 23:10,PIN Change,20000,51,Semi-Urban,Saturday,483564,No,Down
TXN00690,ATM_HYD_010,Hyderabad,10-02-2025 03:44,Cash Withdrawal,5000,0,Semi-Urban,Monday,156305,No,Active
TXN00691,ATM_BAN_001,Bangalore,25-12-2024 09:24,Fund Transfer,20000,0,Semi-Urban,Wednesday,389763,No,Active
TXN00692,ATM_HYD_010,Hyderabad,22-02-2025 01:11,Balance Inquiry,2000,0,Urban,Saturday,348656,No,Down
TXN00693,ATM_CHE_015,Chennai,09-03-2024 05:24,Fund Transfer,10000,0,Urban,Saturday,50332,Yes,Active
TXN00694,ATM_PUN_005,Pune,02-06-2024 10:35,Cash Withdrawal,5000,0,Semi-Urban,Sunday,155393,No,Down
TXN00695,ATM_HYD_014,Hyderabad,24-06-2024 11:38,Balance Inquiry,5000,0,Urban,Monday,151287,No,Down
TXN00696,ATM_KOL_012,Kolkata,21-07-2024 14:36,PIN Change,1000,0,Semi-Urban,Sunday,476743,No,Active
TXN00697,ATM_CHE_002,Chennai,18-02-2025 06:31,Balance Inquiry,20000,0,Urban,Tuesday,124681,No,Active
TXN00698,ATM_KOL_002,Kolkata,08-01-2024 21:43,Cash Deposit,20000,0,Urban,Monday,169041,No,Active
TXN00699,ATM_KOL_006,Kolkata,13-05-2025 01:15,Mini Statement,20000,0,Rural,Tuesday,337298,No,Active
TXN00700,ATM_PUN_002,Pune,08-03-2025 20:33,Cash Withdrawal,500,0,Urban,Saturday,424478,No,Down
TXN00701,ATM_HYD_007,Hyderabad,21-04-2024 10:12,Cash Withdrawal,5000,0,Rural,Sunday,144198,No,Active
TXN00702,ATM_DEL_014,Delhi,18-11-2024 11:11,PIN Change,1000,55,Semi-Urban,Monday,299905,No,Active
TXN00703,ATM_PUN_005,Pune,29-12-2024 12:05,Cash Deposit,20000,55,Urban,Sunday,334602,No,Active
TXN00704,ATM_BAN_014,Bangalore,17-09-2024 19:44,PIN Change,2000,0,Urban,Tuesday,103456,No,Active
TXN00705,ATM_PUN_009,Pune,19-01-2025 21:02,Cash Withdrawal,1000,0,Rural,Sunday,304910,No,Active
TXN00706,ATM_PUN_006,Pune,24-01-2025 13:08,Cash Withdrawal,5000,0,Urban,Friday,321045,No,Active
TXN00707,ATM_KOL_005,Kolkata,04-10-2024 13:09,Fund Transfer,2000,0,Semi-Urban,Friday,470527,No,Down
TXN00708,ATM_DEL_010,Delhi,30-06-2024 09:52,Balance Inquiry,20000,0,Urban,Sunday,190009,No,Active
TXN00709,ATM_KOL_007,Kolkata,11-11-2024 15:26,Mini Statement,5000,55,Rural,Monday,94036,Yes,Down
TXN00710,ATM_BAN_013,Bangalore,22-04-2025 14:48,Mini Statement,500,51,Rural,Tuesday,388567,No,Down
TXN00711,ATM_KOL_014,Kolkata,28-02-2025 10:27,Cash Deposit,20000,0,Urban,Friday,325832,No,Active
TXN00712,ATM_DEL_003,Delhi,25-07-2024 00:06,Mini Statement,20000,0,Semi-Urban,Thursday,148317,No,Down
TXN00713,ATM_MUM_003,Mumbai,30-05-2024 06:47,Cash Deposit,15000,0,Urban,Thursday,340405,No,Active
TXN00714,ATM_CHE_001,Chennai,18-02-2024 07:48,Balance Inquiry,1000,0,Urban,Sunday,428840,No,Active
TXN00715,ATM_KOL_006,Kolkata,16-05-2024 13:00,Cash Withdrawal,5000,0,Urban,Thursday,310463,No,Down
TXN00716,ATM_KOL_009,Kolkata,06-05-2025 08:21,Mini Statement,500,0,Urban,Tuesday,355131,No,Active
TXN00717,ATM_MUM_003,Mumbai,14-11-2024 12:15,Fund Transfer,500,51,Semi-Urban,Thursday,95231,Yes,Active
TXN00718,ATM_KOL_003,Kolkata,20-01-2025 10:50,Balance Inquiry,1000,0,Rural,Monday,214724,No,Active
TXN00719,ATM_HYD_013,Hyderabad,05-12-2024 00:11,Cash Withdrawal,5000,0,Urban,Thursday,109410,No,Active
TXN00720,ATM_BAN_002,Bangalore,06-10-2024 08:59,Mini Statement,15000,0,Semi-Urban,Sunday,213486,No,Down
TXN00721,ATM_KOL_012,Kolkata,12-09-2024 07:41,Mini Statement,10000,0,Urban,Thursday,268427,No,Active
TXN00722,ATM_CHE_004,Chennai,12-01-2025 14:10,Fund Transfer,20000,0,Semi-Urban,Sunday,52625,Yes,Down
TXN00723,ATM_CHE_006,Chennai,29-05-2024 07:07,Cash Deposit,15000,0,Semi-Urban,Wednesday,195610,No,Active
TXN00724,ATM_MUM_013,Mumbai,19-02-2025 19:08,Mini Statement,1000,0,Semi-Urban,Wednesday,147437,No,Active
TXN00725,ATM_HYD_010,Hyderabad,12-05-2024 08:28,Mini Statement,15000,0,Rural,Sunday,304952,No,Active
TXN00726,ATM_CHE_001,Chennai,01-11-2024 01:09,Cash Withdrawal,5000,0,Semi-Urban,Friday,88872,Yes,Down
TXN00727,ATM_DEL_004,Delhi,23-06-2024 15:24,Cash Deposit,1000,0,Semi-Urban,Sunday,356451,No,Active
TXN00728,ATM_PUN_007,Pune,13-08-2024 16:28,Fund Transfer,1000,96,Urban,Tuesday,306719,No,Active
TXN00729,ATM_HYD_007,Hyderabad,01-04-2025 04:42,Cash Withdrawal,500,0,Semi-Urban,Tuesday,188833,No,Active
TXN00730,ATM_DEL_004,Delhi,27-06-2024 22:03,Cash Deposit,15000,0,Rural,Thursday,170317,No,Down
TXN00731,ATM_PUN_006,Pune,14-06-2024 05:28,Balance Inquiry,10000,0,Urban,Friday,485061,No,Active
TXN00732,ATM_DEL_013,Delhi,22-10-2024 06:54,PIN Change,20000,0,Rural,Tuesday,149636,No,Down
TXN00733,ATM_HYD_005,Hyderabad,17-07-2024 11:59,Cash Withdrawal,15000,0,Rural,Wednesday,358349,No,Active
TXN00734,ATM_HYD_014,Hyderabad,13-01-2024 05:37,Fund Transfer,5000,0,Urban,Saturday,391123,No,Active
TXN00735,ATM_HYD_001,Hyderabad,03-05-2025 10:20,Cash Deposit,500,0,Urban,Saturday,125037,No,Active
TXN00736,ATM_MUM_007,Mumbai,05-09-2024 21:01,Cash Withdrawal,500,0,Urban,Thursday,141736,No,Down
TXN00737,ATM_CHE_011,Chennai,20-01-2024 22:39,Cash Withdrawal,2000,0,Rural,Saturday,266709,No,Down
TXN00738,ATM_DEL_005,Delhi,17-09-2024 08:33,Cash Deposit,15000,0,Urban,Tuesday,185495,No,Down
TXN00739,ATM_PUN_012,Pune,09-11-2024 14:45,Balance Inquiry,10000,0,Semi-Urban,Saturday,319415,No,Active
TXN00740,ATM_PUN_015,Pune,17-05-2024 21:31,Fund Transfer,500,0,Rural,Friday,387006,No,Down
TXN00741,ATM_DEL_008,Delhi,12-07-2024 21:15,Cash Withdrawal,500,0,Urban,Friday,77615,Yes,Down
TXN00742,ATM_CHE_006,Chennai,21-02-2025 04:54,Mini Statement,500,0,Urban,Friday,334847,No,Active
TXN00743,ATM_CHE_013,Chennai,18-12-2024 06:34,Balance Inquiry,2000,0,Semi-Urban,Wednesday,277978,No,Active
TXN00744,ATM_CHE_005,Chennai,15-08-2024 02:32,Mini Statement,2000,0,Rural,Thursday,479163,No,Active
TXN00745,ATM_KOL_013,Kolkata,28-01-2025 01:32,Fund Transfer,10000,0,Semi-Urban,Tuesday,273840,No,Active
TXN00746,ATM_CHE_006,Chennai,08-12-2024 12:32,Cash Withdrawal,2000,0,Urban,Sunday,140342,No,Active
TXN00747,ATM_CHE_001,Chennai,08-03-2024 15:01,Mini Statement,500,0,Rural,Friday,139606,No,Active
TXN00748,ATM_HYD_004,Hyderabad,23-01-2025 17:59,PIN Change,500,0,Semi-Urban,Thursday,86281,Yes,Down
TXN00749,ATM_BAN_009,Bangalore,20-11-2024 05:32,Fund Transfer,20000,55,Urban,Wednesday,237856,No,Down
TXN00750,ATM_HYD_007,Hyderabad,18-01-2025 11:13,Fund Transfer,2000,0,Urban,Saturday,112378,No,Active
TXN00751,ATM_KOL_008,Kolkata,20-11-2024 01:18,Fund Transfer,1000,0,Semi-Urban,Wednesday,329549,No,Active
TXN00752,ATM_DEL_008,Delhi,05-03-2025 17:49,Fund Transfer,5000,0,Urban,Wednesday,185268,No,Active
TXN00753,ATM_MUM_004,Mumbai,23-12-2024 08:29,Cash Deposit,20000,0,Urban,Monday,487086,No,Active
TXN00754,ATM_DEL_014,Delhi,02-03-2024 15:07,PIN Change,5000,51,Rural,Saturday,88707,Yes,Active
TXN00755,ATM_BAN_003,Bangalore,25-04-2025 09:03,Mini Statement,2000,0,Rural,Friday,386529,No,Down
TXN00756,ATM_PUN_010,Pune,14-04-2025 18:16,Fund Transfer,1000,96,Semi-Urban,Monday,367807,No,Active
TXN00757,ATM_BAN_001,Bangalore,29-04-2024 16:22,Cash Withdrawal,20000,0,Semi-Urban,Monday,497714,No,Active
TXN00758,ATM_KOL_003,Kolkata,23-07-2024 16:02,Cash Deposit,2000,0,Urban,Tuesday,74070,Yes,Active
TXN00759,ATM_DEL_009,Delhi,28-11-2024 03:32,Mini Statement,10000,0,Urban,Thursday,340247,No,Active
TXN00760,ATM_KOL_011,Kolkata,13-12-2024 11:14,Cash Deposit,2000,0,Urban,Friday,347718,No,Active
TXN00761,ATM_PUN_005,Pune,02-02-2025 23:04,Cash Withdrawal,1000,0,Rural,Sunday,402818,No,Down
TXN00762,ATM_DEL_015,Delhi,08-12-2024 19:34,Cash Withdrawal,15000,0,Semi-Urban,Sunday,120152,No,Active
TXN00763,ATM_HYD_012,Hyderabad,10-03-2025 23:54,Mini Statement,5000,51,Urban,Monday,159359,No,Active
TXN00764,ATM_KOL_003,Kolkata,18-01-2025 11:51,Cash Withdrawal,20000,0,Semi-Urban,Saturday,198691,No,Active
TXN00765,ATM_MUM_014,Mumbai,17-04-2024 12:54,Cash Withdrawal,1000,0,Rural,Wednesday,136742,No,Active
TXN00766,ATM_KOL_013,Kolkata,15-12-2024 20:10,Balance Inquiry,20000,55,Semi-Urban,Sunday,354986,No,Active
TXN00767,ATM_MUM_012,Mumbai,28-02-2025 01:30,Cash Withdrawal,20000,0,Semi-Urban,Friday,349869,No,Active
TXN00768,ATM_DEL_014,Delhi,21-12-2024 11:44,Balance Inquiry,500,96,Urban,Saturday,213238,No,Active
TXN00769,ATM_HYD_009,Hyderabad,14-03-2024 06:43,Mini Statement,1000,0,Urban,Thursday,437276,No,Down
TXN00770,ATM_KOL_002,Kolkata,29-11-2024 22:09,Cash Withdrawal,15000,0,Rural,Friday,205821,No,Active
TXN00771,ATM_CHE_008,Chennai,12-04-2025 20:18,Mini Statement,15000,55,Semi-Urban,Saturday,226896,No,Down
TXN00772,ATM_MUM_014,Mumbai,01-06-2024 08:07,Balance Inquiry,15000,55,Urban,Saturday,399124,No,Active
TXN00773,ATM_HYD_003,Hyderabad,19-03-2025 12:17,PIN Change,500,0,Urban,Wednesday,332974,No,Active
TXN00774,ATM_CHE_011,Chennai,06-09-2024 13:20,Mini Statement,15000,0,Rural,Friday,354919,No,Active
TXN00775,ATM_MUM_011,Mumbai,12-03-2025 02:32,Balance Inquiry,5000,0,Urban,Wednesday,222892,No,Active
TXN00776,ATM_BAN_012,Bangalore,19-12-2024 15:11,PIN Change,1000,0,Rural,Thursday,276533,No,Active
TXN00777,ATM_CHE_006,Chennai,19-04-2025 05:37,Cash Deposit,1000,0,Urban,Saturday,475206,No,Active
TXN00778,ATM_CHE_005,Chennai,26-10-2024 23:47,Balance Inquiry,10000,0,Urban,Saturday,177864,No,Active
TXN00779,ATM_BAN_007,Bangalore,25-01-2025 12:15,Cash Withdrawal,5000,0,Urban,Saturday,206881,No,Active
TXN00780,ATM_HYD_007,Hyderabad,05-11-2024 18:53,PIN Change,500,0,Semi-Urban,Tuesday,232259,No,Active
TXN00781,ATM_HYD_013,Hyderabad,30-04-2024 11:03,PIN Change,15000,0,Rural,Tuesday,431431,No,Active
TXN00782,ATM_HYD_013,Hyderabad,16-07-2024 15:57,Fund Transfer,500,0,Urban,Tuesday,282704,No,Active
TXN00783,ATM_CHE_007,Chennai,21-03-2025 08:15,PIN Change,20000,0,Rural,Friday,436683,No,Active
TXN00784,ATM_KOL_006,Kolkata,01-01-2024 18:18,PIN Change,10000,0,Semi-Urban,Monday,419702,No,Active
TXN00785,ATM_KOL_002,Kolkata,17-12-2024 22:34,Cash Deposit,2000,0,Rural,Tuesday,67061,Yes,Active
TXN00786,ATM_BAN_014,Bangalore,24-08-2024 12:11,Mini Statement,2000,0,Semi-Urban,Saturday,275816,No,Active
TXN00787,ATM_CHE_013,Chennai,01-01-2024 05:40,Mini Statement,15000,51,Urban,Monday,401169,No,Active
TXN00788,ATM_MUM_011,Mumbai,07-04-2024 05:19,Fund Transfer,20000,0,Semi-Urban,Sunday,228602,No,Active
TXN00789,ATM_PUN_008,Pune,11-03-2024 00:07,PIN Change,500,51,Semi-Urban,Monday,334011,No,Active
TXN00790,ATM_DEL_007,Delhi,15-03-2024 23:45,Fund Transfer,10000,0,Semi-Urban,Friday,250423,No,Down
TXN00791,ATM_KOL_009,Kolkata,12-07-2024 03:21,PIN Change,500,0,Semi-Urban,Friday,434186,No,Active
TXN00792,ATM_DEL_008,Delhi,06-08-2024 17:44,Fund Transfer,500,0,Semi-Urban,Tuesday,201966,No,Active
TXN00793,ATM_KOL_005,Kolkata,25-07-2024 00:04,Mini Statement,10000,0,Rural,Thursday,274697,No,Active
TXN00794,ATM_CHE_012,Chennai,16-02-2024 14:44,Cash Withdrawal,15000,0,Rural,Friday,80118,Yes,Down
TXN00795,ATM_PUN_015,Pune,02-04-2024 09:28,Cash Withdrawal,10000,51,Rural,Tuesday,377539,No,Active
TXN00796,ATM_PUN_014,Pune,31-08-2024 08:56,Fund Transfer,500,0,Rural,Saturday,109132,No,Active
TXN00797,ATM_KOL_011,Kolkata,24-02-2024 19:45,Cash Deposit,5000,0,Semi-Urban,Saturday,220581,No,Active
TXN00798,ATM_DEL_004,Delhi,28-01-2024 15:14,Fund Transfer,10000,0,Semi-Urban,Sunday,108591,No,Active
TXN00799,ATM_HYD_010,Hyderabad,05-09-2024 10:49,Mini Statement,5000,0,Urban,Thursday,50235,Yes,Active
TXN00800,ATM_MUM_006,Mumbai,23-07-2024 16:40,Cash Withdrawal,2000,0,Urban,Tuesday,308512,No,Down
TXN00801,ATM_DEL_013,Delhi,09-03-2024 05:24,Mini Statement,2000,55,Rural,Saturday,278128,No,Active
TXN00802,ATM_KOL_003,Kolkata,02-02-2024 05:32,Cash Withdrawal,5000,0,Semi-Urban,Friday,469823,No,Down
TXN00803,ATM_MUM_002,Mumbai,15-05-2024 06:52,PIN Change,5000,0,Rural,Wednesday,56135,Yes,Active
TXN00804,ATM_CHE_005,Chennai,02-07-2024 03:47,Fund Transfer,15000,0,Rural,Tuesday,277252,No,Active
TXN00805,ATM_BAN_015,Bangalore,30-06-2024 19:34,Balance Inquiry,15000,0,Urban,Sunday,58593,Yes,Active
TXN00806,ATM_DEL_015,Delhi,26-03-2025 16:43,PIN Change,2000,0,Semi-Urban,Wednesday,148806,No,Active
TXN00807,ATM_BAN_010,Bangalore,22-10-2024 20:14,Balance Inquiry,2000,0,Rural,Tuesday,438400,No,Active
TXN00808,ATM_DEL_001,Delhi,06-02-2025 05:38,Cash Withdrawal,15000,55,Urban,Thursday,395958,No,Down
TXN00809,ATM_HYD_003,Hyderabad,22-06-2024 12:02,Mini Statement,15000,55,Semi-Urban,Saturday,469424,No,Down
TXN00810,ATM_DEL_006,Delhi,07-03-2024 02:33,PIN Change,20000,0,Urban,Thursday,195762,No,Active
TXN00811,ATM_CHE_010,Chennai,11-04-2024 06:09,Balance Inquiry,10000,0,Semi-Urban,Thursday,335655,No,Active
TXN00812,ATM_MUM_004,Mumbai,15-01-2025 21:04,Cash Withdrawal,15000,0,Rural,Wednesday,269622,No,Active
TXN00813,ATM_PUN_011,Pune,27-07-2024 14:47,Cash Deposit,15000,0,Semi-Urban,Saturday,323311,No,Active
TXN00814,ATM_CHE_007,Chennai,11-11-2024 17:07,PIN Change,10000,0,Urban,Monday,276130,No,Down
TXN00815,ATM_MUM_008,Mumbai,04-04-2024 06:10,Balance Inquiry,1000,0,Urban,Thursday,371013,No,Active
TXN00816,ATM_KOL_009,Kolkata,19-04-2025 13:48,Fund Transfer,2000,0,Rural,Saturday,351883,No,Down
TXN00817,ATM_KOL_003,Kolkata,28-04-2025 06:14,Fund Transfer,15000,0,Urban,Monday,116831,No,Down
TXN00818,ATM_BAN_006,Bangalore,29-06-2024 01:18,Fund Transfer,5000,55,Rural,Saturday,305156,No,Active
TXN00819,ATM_MUM_007,Mumbai,01-10-2024 12:23,Fund Transfer,5000,51,Urban,Tuesday,248427,No,Active
TXN00820,ATM_PUN_003,Pune,13-10-2024 09:10,Mini Statement,15000,0,Urban,Sunday,363106,No,Active
TXN00821,ATM_BAN_013,Bangalore,24-03-2024 19:28,Cash Withdrawal,5000,0,Rural,Sunday,97835,Yes,Active
TXN00822,ATM_HYD_012,Hyderabad,14-10-2024 02:02,Balance Inquiry,20000,0,Urban,Monday,446693,No,Active
TXN00823,ATM_PUN_014,Pune,12-05-2024 05:06,Cash Deposit,10000,51,Rural,Sunday,301175,No,Down
TXN00824,ATM_DEL_003,Delhi,03-04-2024 08:23,Balance Inquiry,20000,0,Rural,Wednesday,406200,No,Active
TXN00825,ATM_BAN_003,Bangalore,18-08-2024 00:27,PIN Change,1000,0,Rural,Sunday,316659,No,Down
TXN00826,ATM_DEL_014,Delhi,17-12-2024 21:08,Cash Withdrawal,20000,0,Urban,Tuesday,91697,Yes,Active
TXN00827,ATM_BAN_007,Bangalore,07-11-2024 17:43,Balance Inquiry,15000,0,Urban,Thursday,162746,No,Active
TXN00828,ATM_HYD_003,Hyderabad,20-06-2024 19:44,Balance Inquiry,15000,0,Rural,Thursday,376976,No,Active
TXN00829,ATM_BAN_007,Bangalore,11-11-2024 11:37,Cash Deposit,2000,0,Rural,Monday,171173,No,Active
TXN00830,ATM_MUM_003,Mumbai,30-04-2024 11:23,Mini Statement,5000,0,Rural,Tuesday,482713,No,Active
TXN00831,ATM_HYD_005,Hyderabad,27-03-2024 00:30,Cash Deposit,15000,0,Urban,Wednesday,327570,No,Active
TXN00832,ATM_BAN_006,Bangalore,23-01-2025 07:58,Fund Transfer,20000,0,Urban,Thursday,261661,No,Active
TXN00833,ATM_MUM_010,Mumbai,27-08-2024 05:41,Cash Withdrawal,500,0,Semi-Urban,Tuesday,114650,No,Active
TXN00834,ATM_KOL_013,Kolkata,30-11-2024 04:41,PIN Change,500,51,Urban,Saturday,172467,No,Active
TXN00835,ATM_CHE_014,Chennai,13-07-2024 21:28,Cash Withdrawal,10000,0,Urban,Saturday,319362,No,Active
TXN00836,ATM_CHE_008,Chennai,06-05-2025 23:09,Balance Inquiry,10000,0,Semi-Urban,Tuesday,53768,Yes,Active
TXN00837,ATM_MUM_012,Mumbai,01-01-2025 02:51,Fund Transfer,15000,55,Rural,Wednesday,52888,Yes,Down
TXN00838,ATM_MUM_011,Mumbai,25-06-2024 20:30,Cash Withdrawal,15000,0,Urban,Tuesday,120921,No,Active
TXN00839,ATM_PUN_003,Pune,16-07-2024 08:19,Cash Deposit,15000,0,Semi-Urban,Tuesday,121097,No,Down
TXN00840,ATM_DEL_014,Delhi,23-04-2025 11:40,Cash Deposit,20000,0,Urban,Wednesday,99975,Yes,Active
TXN00841,ATM_MUM_013,Mumbai,27-03-2024 15:50,Cash Withdrawal,15000,96,Semi-Urban,Wednesday,478543,No,Active
TXN00842,ATM_BAN_010,Bangalore,29-06-2024 18:55,Balance Inquiry,2000,96,Urban,Saturday,398730,No,Active
TXN00843,ATM_HYD_008,Hyderabad,17-09-2024 15:27,Cash Deposit,500,0,Rural,Tuesday,369055,No,Down
TXN00844,ATM_MUM_010,Mumbai,26-11-2024 09:48,Cash Withdrawal,5000,0,Urban,Tuesday,445285,No,Active
TXN00845,ATM_CHE_005,Chennai,23-03-2025 17:15,Mini Statement,5000,0,Semi-Urban,Sunday,191111,No,Active
TXN00846,ATM_MUM_010,Mumbai,03-04-2024 05:02,Cash Withdrawal,500,0,Urban,Wednesday,418129,No,Active
TXN00847,ATM_KOL_005,Kolkata,23-05-2024 15:36,Cash Withdrawal,15000,51,Urban,Thursday,428768,No,Active
TXN00848,ATM_BAN_005,Bangalore,30-11-2024 05:09,Cash Withdrawal,1000,0,Semi-Urban,Saturday,56418,Yes,Active
TXN00849,ATM_BAN_008,Bangalore,18-09-2024 07:49,Fund Transfer,15000,0,Rural,Wednesday,99015,Yes,Active
TXN00850,ATM_HYD_007,Hyderabad,31-10-2024 15:53,Mini Statement,20000,51,Urban,Thursday,115437,No,Down
TXN00851,ATM_HYD_010,Hyderabad,08-05-2024 03:20,Fund Transfer,2000,0,Urban,Wednesday,118710,No,Active
TXN00852,ATM_PUN_004,Pune,02-05-2024 17:27,PIN Change,20000,0,Urban,Thursday,364528,No,Down
TXN00853,ATM_BAN_013,Bangalore,13-05-2024 03:47,PIN Change,5000,0,Urban,Monday,71958,Yes,Down
TXN00854,ATM_MUM_010,Mumbai,15-02-2025 12:14,PIN Change,10000,55,Rural,Saturday,105494,No,Active
TXN00855,ATM_DEL_003,Delhi,03-07-2024 15:06,Cash Withdrawal,20000,96,Rural,Wednesday,123610,No,Active
TXN00856,ATM_BAN_014,Bangalore,12-01-2024 13:47,Cash Deposit,20000,0,Urban,Friday,213136,No,Down
TXN00857,ATM_BAN_011,Bangalore,27-08-2024 13:25,Mini Statement,500,0,Rural,Tuesday,463765,No,Active
TXN00858,ATM_HYD_004,Hyderabad,08-02-2024 11:02,Cash Withdrawal,20000,0,Urban,Thursday,120237,No,Active
TXN00859,ATM_HYD_005,Hyderabad,09-06-2024 12:32,Mini Statement,10000,0,Semi-Urban,Sunday,442499,No,Active
TXN00860,ATM_HYD_001,Hyderabad,28-09-2024 13:39,Cash Withdrawal,10000,96,Semi-Urban,Saturday,305574,No,Active
TXN00861,ATM_HYD_008,Hyderabad,01-06-2024 10:50,Cash Deposit,500,0,Rural,Saturday,173725,No,Down
TXN00862,ATM_DEL_003,Delhi,20-03-2025 09:40,Fund Transfer,500,51,Urban,Thursday,310335,No,Active
TXN00863,ATM_PUN_003,Pune,09-02-2025 03:21,Cash Withdrawal,500,96,Semi-Urban,Sunday,448835,No,Active
TXN00864,ATM_HYD_007,Hyderabad,22-02-2025 01:18,Fund Transfer,20000,0,Semi-Urban,Saturday,329962,No,Active
TXN00865,ATM_HYD_014,Hyderabad,24-02-2024 12:51,Cash Withdrawal,1000,0,Urban,Saturday,205474,No,Active
TXN00866,ATM_DEL_008,Delhi,22-02-2025 13:14,PIN Change,2000,0,Urban,Saturday,469870,No,Active
TXN00867,ATM_PUN_013,Pune,25-03-2024 03:06,Cash Withdrawal,2000,0,Urban,Monday,109189,No,Active
TXN00868,ATM_HYD_004,Hyderabad,30-07-2024 13:16,Fund Transfer,5000,0,Semi-Urban,Tuesday,232636,No,Active
TXN00869,ATM_DEL_011,Delhi,01-06-2024 12:57,Cash Withdrawal,20000,0,Semi-Urban,Saturday,234106,No,Active
TXN00870,ATM_PUN_002,Pune,21-03-2024 16:32,Balance Inquiry,20000,0,Semi-Urban,Thursday,54128,Yes,Active
TXN00871,ATM_PUN_014,Pune,25-07-2024 18:53,PIN Change,20000,0,Semi-Urban,Thursday,456139,No,Active
TXN00872,ATM_HYD_009,Hyderabad,09-04-2024 16:28,Balance Inquiry,15000,0,Urban,Tuesday,303072,No,Active
TXN00873,ATM_DEL_004,Delhi,23-02-2024 02:06,Cash Withdrawal,10000,55,Rural,Friday,218389,No,Down
TXN00874,ATM_PUN_009,Pune,10-05-2025 03:35,PIN Change,15000,0,Semi-Urban,Saturday,184667,No,Active
TXN00875,ATM_CHE_015,Chennai,18-03-2025 15:10,Cash Withdrawal,2000,0,Semi-Urban,Tuesday,351514,No,Active
TXN00876,ATM_DEL_009,Delhi,22-06-2024 12:39,Fund Transfer,20000,96,Rural,Saturday,399767,No,Active
TXN00877,ATM_HYD_002,Hyderabad,11-05-2024 11:52,Mini Statement,2000,0,Rural,Saturday,266931,No,Active
TXN00878,ATM_MUM_015,Mumbai,11-04-2024 20:11,Cash Withdrawal,1000,51,Rural,Thursday,220485,No,Down
TXN00879,ATM_HYD_010,Hyderabad,11-08-2024 18:55,Fund Transfer,20000,0,Rural,Sunday,223435,No,Active
TXN00880,ATM_HYD_005,Hyderabad,23-03-2025 19:52,Cash Deposit,10000,55,Semi-Urban,Sunday,383871,No,Active
TXN00881,ATM_DEL_011,Delhi,18-10-2024 17:03,Cash Deposit,15000,0,Semi-Urban,Friday,171752,No,Active
TXN00882,ATM_PUN_007,Pune,11-08-2024 05:44,Fund Transfer,2000,51,Rural,Sunday,125590,No,Active
TXN00883,ATM_MUM_007,Mumbai,02-05-2025 12:43,Cash Deposit,20000,0,Urban,Friday,214087,No,Active
TXN00884,ATM_KOL_003,Kolkata,08-05-2025 14:13,Mini Statement,2000,0,Rural,Thursday,420023,No,Down
TXN00885,ATM_CHE_010,Chennai,08-12-2024 21:31,Mini Statement,15000,0,Urban,Sunday,461241,No,Active
TXN00886,ATM_PUN_003,Pune,25-01-2025 18:36,Mini Statement,1000,96,Urban,Saturday,497114,No,Active
TXN00887,ATM_DEL_001,Delhi,10-05-2024 15:33,Cash Withdrawal,15000,0,Urban,Friday,499530,No,Active
TXN00888,ATM_KOL_011,Kolkata,23-06-2024 14:49,PIN Change,15000,0,Semi-Urban,Sunday,332346,No,Down
TXN00889,ATM_BAN_007,Bangalore,17-01-2025 15:20,Cash Withdrawal,1000,55,Rural,Friday,145905,No,Down
TXN00890,ATM_PUN_006,Pune,23-05-2024 01:19,Balance Inquiry,5000,0,Semi-Urban,Thursday,167904,No,Active
TXN00891,ATM_MUM_013,Mumbai,08-02-2024 06:08,Fund Transfer,2000,0,Semi-Urban,Thursday,453761,No,Active
TXN00892,ATM_MUM_015,Mumbai,15-04-2024 07:14,Cash Deposit,10000,0,Semi-Urban,Monday,55331,Yes,Down
TXN00893,ATM_KOL_005,Kolkata,16-12-2024 01:46,Mini Statement,1000,0,Rural,Monday,120698,No,Active
TXN00894,ATM_MUM_008,Mumbai,22-12-2024 16:00,Cash Withdrawal,2000,0,Semi-Urban,Sunday,231219,No,Active
TXN00895,ATM_PUN_003,Pune,06-10-2024 15:27,Cash Withdrawal,500,0,Semi-Urban,Sunday,249340,No,Active
TXN00896,ATM_KOL_015,Kolkata,10-05-2024 08:21,Cash Withdrawal,10000,0,Semi-Urban,Friday,222840,No,Down
TXN00897,ATM_DEL_005,Delhi,18-02-2024 21:11,Balance Inquiry,20000,0,Rural,Sunday,107600,No,Down
TXN00898,ATM_MUM_011,Mumbai,05-11-2024 11:32,Balance Inquiry,10000,0,Urban,Tuesday,232259,No,Active
TXN00899,ATM_BAN_005,Bangalore,10-01-2025 09:06,Balance Inquiry,2000,0,Urban,Friday,341626,No,Active
TXN00900,ATM_MUM_002,Mumbai,04-03-2025 02:07,Fund Transfer,500,0,Rural,Tuesday,222592,No,Down
TXN00901,ATM_PUN_008,Pune,10-12-2024 13:34,Cash Deposit,10000,0,Semi-Urban,Tuesday,458331,No,Active
TXN00902,ATM_MUM_009,Mumbai,27-08-2024 02:47,Balance Inquiry,1000,0,Rural,Tuesday,440405,No,Active
TXN00903,ATM_DEL_008,Delhi,24-08-2024 04:07,Mini Statement,1000,0,Semi-Urban,Saturday,149999,No,Active
TXN00904,ATM_BAN_006,Bangalore,10-10-2024 01:35,Balance Inquiry,5000,0,Semi-Urban,Thursday,487604,No,Active
TXN00905,ATM_PUN_003,Pune,01-05-2025 11:13,Cash Withdrawal,2000,0,Urban,Thursday,441012,No,Active
TXN00906,ATM_BAN_010,Bangalore,10-09-2024 21:43,Cash Deposit,10000,0,Rural,Tuesday,174897,No,Active
TXN00907,ATM_MUM_005,Mumbai,25-03-2024 16:47,Fund Transfer,10000,0,Rural,Monday,116890,No,Down
TXN00908,ATM_KOL_013,Kolkata,03-04-2025 03:52,PIN Change,15000,0,Rural,Thursday,408284,No,Active
TXN00909,ATM_MUM_008,Mumbai,25-01-2024 02:37,PIN Change,15000,0,Urban,Thursday,55565,Yes,Down
TXN00910,ATM_MUM_007,Mumbai,22-02-2024 02:08,Balance Inquiry,2000,55,Urban,Thursday,483612,No,Active
TXN00911,ATM_BAN_010,Bangalore,07-01-2025 19:08,Balance Inquiry,5000,96,Semi-Urban,Tuesday,480432,No,Active
TXN00912,ATM_MUM_007,Mumbai,14-04-2025 07:45,Cash Withdrawal,15000,0,Semi-Urban,Monday,194335,No,Active
TXN00913,ATM_KOL_003,Kolkata,14-01-2025 20:18,Cash Deposit,500,0,Semi-Urban,Tuesday,97490,Yes,Active
TXN00914,ATM_DEL_002,Delhi,02-01-2024 17:25,Fund Transfer,5000,0,Urban,Tuesday,377591,No,Active
TXN00915,ATM_DEL_008,Delhi,27-05-2024 16:25,Cash Deposit,1000,0,Rural,Monday,262322,No,Active
TXN00916,ATM_BAN_008,Bangalore,16-06-2024 01:45,Mini Statement,500,0,Urban,Sunday,212343,No,Active
TXN00917,ATM_CHE_014,Chennai,27-06-2024 18:02,Fund Transfer,15000,0,Semi-Urban,Thursday,359390,No,Active
TXN00918,ATM_MUM_012,Mumbai,18-05-2024 09:55,PIN Change,5000,0,Rural,Saturday,368716,No,Active
TXN00919,ATM_PUN_007,Pune,04-05-2024 14:13,Cash Deposit,500,0,Semi-Urban,Saturday,426881,No,Active
TXN00920,ATM_BAN_015,Bangalore,28-05-2024 08:27,Cash Withdrawal,10000,51,Urban,Tuesday,239091,No,Active
TXN00921,ATM_PUN_015,Pune,28-10-2024 15:47,Mini Statement,2000,0,Semi-Urban,Monday,264310,No,Active
TXN00922,ATM_CHE_011,Chennai,14-04-2025 19:45,Cash Deposit,10000,0,Urban,Monday,110931,No,Down
TXN00923,ATM_HYD_015,Hyderabad,06-07-2024 15:08,PIN Change,500,51,Semi-Urban,Saturday,176988,No,Active
TXN00924,ATM_DEL_012,Delhi,12-04-2024 00:33,Cash Withdrawal,1000,0,Semi-Urban,Friday,118114,No,Active
TXN00925,ATM_BAN_015,Bangalore,08-03-2024 00:15,Fund Transfer,5000,0,Semi-Urban,Friday,448270,No,Active
TXN00926,ATM_KOL_001,Kolkata,15-09-2024 16:03,PIN Change,5000,0,Semi-Urban,Sunday,444493,No,Active
TXN00927,ATM_PUN_015,Pune,24-05-2024 03:11,Cash Deposit,10000,0,Urban,Friday,482373,No,Active
TXN00928,ATM_KOL_001,Kolkata,25-04-2024 01:45,Fund Transfer,1000,0,Semi-Urban,Thursday,129325,No,Down
TXN00929,ATM_BAN_007,Bangalore,13-04-2025 20:27,Cash Deposit,20000,55,Rural,Sunday,187659,No,Active
TXN00930,ATM_BAN_003,Bangalore,01-04-2024 08:08,Cash Withdrawal,1000,0,Urban,Monday,457636,No,Active
TXN00931,ATM_HYD_015,Hyderabad,28-06-2024 11:11,Cash Withdrawal,10000,55,Rural,Friday,340728,No,Active
TXN00932,ATM_KOL_010,Kolkata,17-04-2025 19:28,Cash Deposit,15000,0,Rural,Thursday,421671,No,Down
TXN00933,ATM_KOL_002,Kolkata,26-12-2024 06:37,Cash Withdrawal,10000,0,Semi-Urban,Thursday,304630,No,Active
TXN00934,ATM_PUN_008,Pune,07-09-2024 19:57,Fund Transfer,2000,55,Urban,Saturday,92926,Yes,Active
TXN00935,ATM_KOL_010,Kolkata,10-07-2024 06:28,Cash Withdrawal,20000,51,Rural,Wednesday,272524,No,Active
TXN00936,ATM_HYD_004,Hyderabad,08-01-2025 20:16,Mini Statement,2000,0,Rural,Wednesday,437902,No,Down
TXN00937,ATM_PUN_002,Pune,13-11-2024 22:45,Fund Transfer,20000,0,Semi-Urban,Wednesday,434720,No,Down
TXN00938,ATM_PUN_007,Pune,31-08-2024 13:22,Cash Withdrawal,2000,55,Semi-Urban,Saturday,484546,No,Active
TXN00939,ATM_DEL_006,Delhi,03-07-2024 23:43,Cash Deposit,10000,0,Rural,Wednesday,458533,No,Down
TXN00940,ATM_KOL_003,Kolkata,03-01-2024 20:13,PIN Change,500,0,Semi-Urban,Wednesday,444220,No,Active
TXN00941,ATM_BAN_013,Bangalore,18-09-2024 04:00,Cash Deposit,10000,0,Rural,Wednesday,245535,No,Active
TXN00942,ATM_CHE_014,Chennai,29-01-2025 16:01,Fund Transfer,2000,51,Urban,Wednesday,130650,No,Active
TXN00943,ATM_PUN_005,Pune,25-04-2024 11:25,Balance Inquiry,20000,0,Rural,Thursday,86450,Yes,Active
TXN00944,ATM_DEL_002,Delhi,18-01-2025 15:20,Balance Inquiry,15000,0,Urban,Saturday,261772,No,Active
TXN00945,ATM_PUN_015,Pune,02-07-2024 18:48,PIN Change,1000,0,Urban,Tuesday,232651,No,Down
TXN00946,ATM_MUM_008,Mumbai,17-12-2024 04:41,Balance Inquiry,1000,0,Urban,Tuesday,172478,No,Down
TXN00947,ATM_DEL_009,Delhi,08-12-2024 02:43,Fund Transfer,500,0,Rural,Sunday,138403,No,Active
TXN00948,ATM_PUN_009,Pune,01-10-2024 17:51,Cash Deposit,15000,0,Urban,Tuesday,143035,No,Active
TXN00949,ATM_DEL_011,Delhi,02-06-2024 12:29,Mini Statement,2000,0,Semi-Urban,Sunday,426383,No,Down
TXN00950,ATM_CHE_006,Chennai,05-02-2025 18:36,Balance Inquiry,2000,55,Rural,Wednesday,289163,No,Active
TXN00951,ATM_BAN_005,Bangalore,07-03-2025 12:53,Balance Inquiry,2000,96,Urban,Friday,246049,No,Active
TXN00952,ATM_BAN_004,Bangalore,08-09-2024 07:47,PIN Change,20000,96,Urban,Sunday,315787,No,Active
TXN00953,ATM_HYD_005,Hyderabad,28-10-2024 06:55,Cash Withdrawal,20000,0,Urban,Monday,238494,No,Active
TXN00954,ATM_PUN_013,Pune,08-01-2024 07:13,Fund Transfer,20000,0,Rural,Monday,396942,No,Active
TXN00955,ATM_DEL_007,Delhi,20-08-2024 10:13,Cash Withdrawal,500,0,Urban,Tuesday,187593,No,Down
TXN00956,ATM_CHE_003,Chennai,05-12-2024 09:29,Fund Transfer,1000,0,Semi-Urban,Thursday,364139,No,Down
TXN00957,ATM_BAN_015,Bangalore,01-12-2024 09:39,Cash Deposit,15000,0,Urban,Sunday,106529,No,Active
TXN00958,ATM_HYD_004,Hyderabad,20-04-2024 02:51,Mini Statement,15000,0,Urban,Saturday,378199,No,Down
TXN00959,ATM_DEL_002,Delhi,26-12-2024 03:14,PIN Change,15000,0,Semi-Urban,Thursday,116910,No,Active
TXN00960,ATM_PUN_011,Pune,31-12-2024 02:27,PIN Change,2000,0,Urban,Tuesday,320672,No,Active
TXN00961,ATM_CHE_011,Chennai,02-07-2024 08:28,Cash Withdrawal,20000,55,Semi-Urban,Tuesday,84969,Yes,Active
TXN00962,ATM_HYD_010,Hyderabad,19-10-2024 08:40,Fund Transfer,500,55,Rural,Saturday,78483,Yes,Active
TXN00963,ATM_DEL_012,Delhi,07-02-2025 03:10,Cash Withdrawal,1000,0,Rural,Friday,358721,No,Active
TXN00964,ATM_HYD_006,Hyderabad,06-05-2024 23:28,Mini Statement,1000,51,Semi-Urban,Monday,239612,No,Down
TXN00965,ATM_HYD_013,Hyderabad,22-12-2024 02:20,Balance Inquiry,2000,0,Semi-Urban,Sunday,143788,No,Active
TXN00966,ATM_KOL_013,Kolkata,02-12-2024 20:45,Balance Inquiry,5000,0,Semi-Urban,Monday,98275,Yes,Active
TXN00967,ATM_CHE_002,Chennai,09-10-2024 15:50,Mini Statement,2000,0,Urban,Wednesday,260461,No,Active
TXN00968,ATM_CHE_015,Chennai,25-10-2024 22:30,Cash Withdrawal,2000,0,Urban,Friday,318003,No,Active
TXN00969,ATM_MUM_015,Mumbai,18-03-2025 05:03,Fund Transfer,1000,0,Rural,Tuesday,484358,No,Down
TXN00970,ATM_BAN_011,Bangalore,20-12-2024 08:05,Cash Withdrawal,1000,0,Urban,Friday,146494,No,Active
TXN00971,ATM_CHE_003,Chennai,12-05-2025 01:00,Cash Deposit,20000,0,Urban,Monday,79663,Yes,Active
TXN00972,ATM_DEL_002,Delhi,17-06-2024 06:13,Fund Transfer,20000,51,Semi-Urban,Monday,146507,No,Active
TXN00973,ATM_CHE_001,Chennai,16-12-2024 00:54,Mini Statement,10000,0,Semi-Urban,Monday,335804,No,Down
TXN00974,ATM_CHE_007,Chennai,15-10-2024 01:32,Fund Transfer,10000,0,Rural,Tuesday,411653,No,Active
TXN00975,ATM_PUN_001,Pune,03-07-2024 15:36,PIN Change,500,0,Urban,Wednesday,318123,No,Active
TXN00976,ATM_PUN_006,Pune,24-01-2025 19:49,Fund Transfer,20000,0,Urban,Friday,187288,No,Down
TXN00977,ATM_KOL_008,Kolkata,25-02-2024 02:27,Balance Inquiry,500,0,Urban,Sunday,242086,No,Down
TXN00978,ATM_KOL_005,Kolkata,18-06-2024 14:59,Balance Inquiry,1000,0,Semi-Urban,Tuesday,437087,No,Active
TXN00979,ATM_HYD_013,Hyderabad,19-01-2025 01:59,PIN Change,15000,0,Rural,Sunday,203137,No,Active
TXN00980,ATM_MUM_003,Mumbai,08-11-2024 16:17,Balance Inquiry,20000,55,Urban,Friday,344710,No,Down
TXN00981,ATM_HYD_002,Hyderabad,14-02-2025 18:59,Mini Statement,1000,0,Semi-Urban,Friday,155003,No,Active
TXN00982,ATM_CHE_002,Chennai,06-09-2024 12:58,Fund Transfer,1000,96,Urban,Friday,367069,No,Active
TXN00983,ATM_HYD_014,Hyderabad,02-02-2024 15:32,Cash Deposit,1000,0,Semi-Urban,Friday,417260,No,Active
TXN00984,ATM_KOL_010,Kolkata,09-01-2024 10:42,PIN Change,20000,55,Urban,Tuesday,151383,No,Down
TXN00985,ATM_MUM_004,Mumbai,10-05-2024 09:43,Mini Statement,15000,0,Urban,Friday,390538,No,Active
TXN00986,ATM_PUN_003,Pune,13-09-2024 00:33,Cash Deposit,20000,0,Rural,Friday,427644,No,Active
TXN00987,ATM_CHE_012,Chennai,06-05-2024 14:33,Cash Deposit,2000,0,Semi-Urban,Monday,158914,No,Active
TXN00988,ATM_KOL_009,Kolkata,08-03-2025 10:10,Cash Deposit,20000,0,Urban,Saturday,366026,No,Active
TXN00989,ATM_KOL_010,Kolkata,10-11-2024 12:17,Cash Withdrawal,15000,51,Rural,Sunday,314752,No,Active
TXN00990,ATM_KOL_001,Kolkata,18-12-2024 13:18,Cash Deposit,2000,0,Semi-Urban,Wednesday,113070,No,Down
TXN00991,ATM_BAN_008,Bangalore,12-12-2024 01:16,Cash Withdrawal,500,0,Urban,Thursday,81467,Yes,Active
TXN00992,ATM_DEL_007,Delhi,24-07-2024 10:53,PIN Change,20000,0,Semi-Urban,Wednesday,236053,No,Down
TXN00993,ATM_DEL_014,Delhi,28-10-2024 05:57,Cash Withdrawal,5000,0,Rural,Monday,334695,No,Active
TXN00994,ATM_PUN_001,Pune,19-08-2024 14:52,Mini Statement,15000,51,Rural,Monday,310600,No,Down
TXN00995,ATM_DEL_001,Delhi,24-02-2025 23:57,Cash Withdrawal,15000,0,Rural,Monday,431079,No,Active
TXN00996,ATM_HYD_013,Hyderabad,14-03-2025 07:37,Cash Withdrawal,1000,0,Urban,Friday,417220,No,Active
TXN00997,ATM_KOL_012,Kolkata,08-02-2025 10:19,Mini Statement,2000,51,Urban,Saturday,351501,No,Active
TXN00998,ATM_PUN_007,Pune,22-03-2024 00:47,Mini Statement,20000,0,Semi-Urban,Friday,51365,Yes,Active
TXN00999,ATM_DEL_002,Delhi,18-05-2024 04:01,Balance Inquiry,10000,0,Urban,Saturday,494704,No,Active
TXN01000,ATM_KOL_015,Kolkata,09-04-2025 00:35,Cash Withdrawal,500,0,Urban,Wednesday,368499,No,Down
TXN01001,ATM_DEL_003,Delhi,18-05-2024 06:01,Cash Deposit,10000,0,Semi-Urban,Saturday,176360,No,Active
TXN01002,ATM_CHE_010,Chennai,11-05-2025 05:21,PIN Change,10000,0,Rural,Sunday,304985,No,Active
TXN01003,ATM_BAN_011,Bangalore,04-05-2024 14:11,Fund Transfer,1000,0,Urban,Saturday,62334,Yes,Active
TXN01004,ATM_PUN_013,Pune,03-11-2024 12:24,Cash Withdrawal,5000,0,Urban,Sunday,482163,No,Active
TXN01005,ATM_KOL_002,Kolkata,01-07-2024 17:04,Balance Inquiry,15000,0,Semi-Urban,Monday,296007,No,Active
TXN01006,ATM_KOL_012,Kolkata,13-01-2025 04:59,Cash Deposit,5000,0,Rural,Monday,64569,Yes,Active
TXN01007,ATM_BAN_003,Bangalore,19-07-2024 01:50,Mini Statement,5000,96,Urban,Friday,104785,No,Active
TXN01008,ATM_CHE_010,Chennai,09-01-2025 21:10,PIN Change,10000,0,Rural,Thursday,429503,No,Active
TXN01009,ATM_MUM_008,Mumbai,21-07-2024 18:23,Mini Statement,1000,55,Urban,Sunday,354089,No,Active
TXN01010,ATM_DEL_001,Delhi,14-10-2024 01:11,Balance Inquiry,15000,0,Rural,Monday,363846,No,Active
TXN01011,ATM_MUM_006,Mumbai,24-12-2024 08:57,PIN Change,10000,55,Urban,Tuesday,176653,No,Down
TXN01012,ATM_HYD_014,Hyderabad,23-04-2025 18:18,Cash Deposit,10000,96,Rural,Wednesday,171128,No,Active
TXN01013,ATM_KOL_013,Kolkata,30-07-2024 14:52,PIN Change,10000,0,Urban,Tuesday,89275,Yes,Active
TXN01014,ATM_KOL_009,Kolkata,27-01-2024 20:29,Cash Deposit,5000,0,Urban,Saturday,58807,Yes,Active
TXN01015,ATM_PUN_001,Pune,19-06-2024 07:03,PIN Change,20000,0,Semi-Urban,Wednesday,288673,No,Active
TXN01016,ATM_PUN_010,Pune,17-03-2025 14:15,Cash Deposit,10000,0,Urban,Monday,299364,No,Active
TXN01017,ATM_HYD_013,Hyderabad,08-02-2025 04:03,Cash Withdrawal,10000,0,Rural,Saturday,106690,No,Active
TXN01018,ATM_PUN_004,Pune,29-03-2024 09:14,Cash Deposit,2000,51,Semi-Urban,Friday,176384,No,Active
TXN01019,ATM_PUN_009,Pune,13-08-2024 21:49,Cash Withdrawal,500,55,Semi-Urban,Tuesday,409093,No,Active
TXN01020,ATM_BAN_007,Bangalore,10-02-2025 01:59,Cash Withdrawal,1000,0,Urban,Monday,289415,No,Active
TXN01021,ATM_DEL_015,Delhi,12-05-2025 22:34,Mini Statement,20000,0,Semi-Urban,Monday,173896,No,Down
TXN01022,ATM_CHE_013,Chennai,14-09-2024 07:14,Balance Inquiry,1000,0,Urban,Saturday,395414,No,Active
TXN01023,ATM_PUN_001,Pune,28-02-2024 15:18,Cash Withdrawal,1000,0,Rural,Wednesday,318499,No,Active
TXN01024,ATM_BAN_008,Bangalore,15-01-2025 13:48,Mini Statement,15000,0,Semi-Urban,Wednesday,498897,No,Active
TXN01025,ATM_KOL_011,Kolkata,29-01-2024 06:32,PIN Change,5000,0,Semi-Urban,Monday,273046,No,Down
TXN01026,ATM_CHE_007,Chennai,18-08-2024 07:24,PIN Change,15000,0,Semi-Urban,Sunday,87318,Yes,Active
TXN01027,ATM_HYD_012,Hyderabad,17-05-2024 09:14,Balance Inquiry,5000,0,Urban,Friday,134257,No,Active
TXN01028,ATM_MUM_014,Mumbai,12-04-2025 02:52,Cash Deposit,1000,0,Urban,Saturday,463368,No,Active
TXN01029,ATM_PUN_008,Pune,03-05-2025 01:37,Cash Deposit,20000,0,Rural,Saturday,179409,No,Active
TXN01030,ATM_MUM_008,Mumbai,28-08-2024 05:52,Cash Withdrawal,15000,0,Rural,Wednesday,223723,No,Active
TXN01031,ATM_PUN_008,Pune,09-04-2025 04:37,Fund Transfer,500,0,Semi-Urban,Wednesday,301040,No,Active
TXN01032,ATM_CHE_011,Chennai,10-10-2024 09:19,Cash Withdrawal,15000,0,Rural,Thursday,411870,No,Active
TXN01033,ATM_HYD_012,Hyderabad,10-12-2024 17:38,Balance Inquiry,15000,0,Rural,Tuesday,382985,No,Active
TXN01034,ATM_CHE_004,Chennai,03-06-2024 11:54,Fund Transfer,10000,0,Urban,Monday,155579,No,Active
TXN01035,ATM_MUM_005,Mumbai,11-08-2024 02:25,Cash Withdrawal,1000,0,Rural,Sunday,254878,No,Active
TXN01036,ATM_PUN_001,Pune,09-03-2025 03:32,Cash Deposit,5000,55,Urban,Sunday,429909,No,Down
TXN01037,ATM_KOL_013,Kolkata,09-10-2024 10:27,Cash Deposit,1000,0,Rural,Wednesday,409527,No,Down
TXN01038,ATM_CHE_009,Chennai,02-05-2024 03:06,Cash Withdrawal,1000,0,Rural,Thursday,152251,No,Active
TXN01039,ATM_KOL_015,Kolkata,04-01-2025 00:41,PIN Change,5000,96,Rural,Saturday,342710,No,Active
TXN01040,ATM_KOL_008,Kolkata,15-01-2024 19:17,Fund Transfer,500,0,Urban,Monday,146248,No,Active
TXN01041,ATM_HYD_007,Hyderabad,25-07-2024 09:23,Fund Transfer,1000,0,Urban,Thursday,110402,No,Active
TXN01042,ATM_KOL_013,Kolkata,29-06-2024 02:12,Balance Inquiry,10000,0,Rural,Saturday,247646,No,Active
TXN01043,ATM_KOL_002,Kolkata,21-09-2024 09:31,Cash Withdrawal,5000,0,Semi-Urban,Saturday,263579,No,Active
TXN01044,ATM_CHE_001,Chennai,03-04-2024 22:12,Balance Inquiry,10000,0,Rural,Wednesday,75083,Yes,Active
TXN01045,ATM_BAN_012,Bangalore,20-01-2024 15:45,PIN Change,500,0,Rural,Saturday,364025,No,Active
TXN01046,ATM_CHE_010,Chennai,25-03-2024 10:23,Cash Deposit,10000,0,Semi-Urban,Monday,327060,No,Down
TXN01047,ATM_MUM_006,Mumbai,13-04-2024 22:10,Mini Statement,10000,0,Urban,Saturday,461257,No,Active
TXN01048,ATM_PUN_006,Pune,20-08-2024 16:49,Balance Inquiry,5000,0,Urban,Tuesday,249582,No,Active
TXN01049,ATM_HYD_005,Hyderabad,07-06-2024 12:23,Cash Withdrawal,500,0,Rural,Friday,416252,No,Active
TXN01050,ATM_DEL_008,Delhi,15-08-2024 20:54,Mini Statement,20000,51,Rural,Thursday,98959,Yes,Active
TXN01051,ATM_DEL_005,Delhi,18-10-2024 18:36,Cash Deposit,1000,0,Urban,Friday,91674,Yes,Active
TXN01052,ATM_MUM_014,Mumbai,16-01-2025 16:46,Cash Deposit,1000,0,Urban,Thursday,221672,No,Active
TXN01053,ATM_HYD_004,Hyderabad,31-01-2025 20:24,Fund Transfer,2000,0,Semi-Urban,Friday,62704,Yes,Down
TXN01054,ATM_CHE_001,Chennai,25-11-2024 17:44,PIN Change,5000,0,Rural,Monday,89566,Yes,Active
TXN01055,ATM_MUM_011,Mumbai,19-05-2024 18:38,Fund Transfer,10000,0,Rural,Sunday,56728,Yes,Down
TXN01056,ATM_PUN_003,Pune,09-02-2025 00:39,Cash Deposit,20000,0,Urban,Sunday,327256,No,Down
TXN01057,ATM_MUM_007,Mumbai,27-02-2025 18:32,PIN Change,5000,0,Urban,Thursday,329995,No,Active
TXN01058,ATM_DEL_008,Delhi,24-04-2025 03:29,Cash Withdrawal,10000,0,Semi-Urban,Thursday,343494,No,Active
TXN01059,ATM_MUM_009,Mumbai,21-02-2025 04:10,Fund Transfer,500,0,Urban,Friday,395314,No,Active
TXN01060,ATM_MUM_011,Mumbai,01-10-2024 01:25,PIN Change,5000,51,Semi-Urban,Tuesday,168113,No,Down
TXN01061,ATM_PUN_013,Pune,03-03-2025 10:14,Cash Withdrawal,2000,0,Semi-Urban,Monday,445403,No,Down
TXN01062,ATM_PUN_009,Pune,07-04-2024 18:05,Mini Statement,10000,0,Rural,Sunday,174763,No,Active
TXN01063,ATM_MUM_004,Mumbai,28-08-2024 10:11,Mini Statement,2000,0,Rural,Wednesday,254887,No,Active
TXN01064,ATM_CHE_008,Chennai,12-07-2024 14:18,Cash Deposit,1000,0,Semi-Urban,Friday,433237,No,Active
TXN01065,ATM_PUN_010,Pune,19-12-2024 20:20,Cash Withdrawal,1000,0,Rural,Thursday,406656,No,Active
TXN01066,ATM_PUN_012,Pune,05-10-2024 05:34,Fund Transfer,1000,51,Rural,Saturday,64893,Yes,Active
TXN01067,ATM_MUM_011,Mumbai,27-07-2024 13:54,PIN Change,10000,0,Urban,Saturday,400846,No,Active
TXN01068,ATM_PUN_010,Pune,09-09-2024 01:51,Balance Inquiry,10000,0,Urban,Monday,219845,No,Active
TXN01069,ATM_KOL_006,Kolkata,08-12-2024 10:02,Mini Statement,15000,0,Urban,Sunday,220036,No,Down
TXN01070,ATM_DEL_015,Delhi,09-03-2024 04:53,Cash Deposit,2000,0,Urban,Saturday,355023,No,Down
TXN01071,ATM_CHE_002,Chennai,01-04-2024 21:51,Mini Statement,500,0,Rural,Monday,268991,No,Active
TXN01072,ATM_HYD_015,Hyderabad,07-02-2024 07:24,Fund Transfer,1000,55,Semi-Urban,Wednesday,174623,No,Active
TXN01073,ATM_CHE_008,Chennai,01-06-2024 01:59,Cash Withdrawal,500,0,Semi-Urban,Saturday,152882,No,Active
TXN01074,ATM_HYD_005,Hyderabad,27-05-2024 23:13,PIN Change,2000,51,Rural,Monday,207836,No,Active
TXN01075,ATM_DEL_001,Delhi,02-06-2024 16:22,Mini Statement,500,0,Semi-Urban,Sunday,139244,No,Active
TXN01076,ATM_MUM_008,Mumbai,14-06-2024 17:35,PIN Change,500,0,Rural,Friday,329850,No,Active
TXN01077,ATM_CHE_013,Chennai,29-07-2024 14:09,Balance Inquiry,20000,0,Semi-Urban,Monday,366345,No,Active
TXN01078,ATM_HYD_015,Hyderabad,19-03-2024 07:42,Balance Inquiry,1000,0,Urban,Tuesday,199767,No,Active
TXN01079,ATM_DEL_002,Delhi,14-04-2024 17:11,PIN Change,500,0,Semi-Urban,Sunday,457041,No,Down
TXN01080,ATM_KOL_015,Kolkata,31-03-2024 02:33,Cash Withdrawal,1000,0,Semi-Urban,Sunday,391914,No,Active
TXN01081,ATM_KOL_006,Kolkata,09-07-2024 23:07,Fund Transfer,500,0,Rural,Tuesday,185120,No,Down
TXN01082,ATM_BAN_015,Bangalore,08-03-2025 02:41,Cash Deposit,1000,0,Urban,Saturday,79336,Yes,Active
TXN01083,ATM_HYD_005,Hyderabad,18-03-2024 12:15,Fund Transfer,20000,0,Urban,Monday,438324,No,Active
TXN01084,ATM_CHE_004,Chennai,15-01-2024 04:08,Cash Withdrawal,20000,0,Semi-Urban,Monday,386472,No,Active
TXN01085,ATM_BAN_009,Bangalore,07-09-2024 21:56,PIN Change,5000,0,Urban,Saturday,220687,No,Active
TXN01086,ATM_HYD_014,Hyderabad,29-03-2024 03:13,Cash Withdrawal,20000,0,Rural,Friday,261327,No,Active
TXN01087,ATM_HYD_008,Hyderabad,20-05-2024 05:47,Cash Withdrawal,2000,0,Urban,Monday,184278,No,Down
TXN01088,ATM_BAN_011,Bangalore,15-11-2024 13:49,Mini Statement,15000,0,Urban,Friday,406952,No,Active
TXN01089,ATM_HYD_015,Hyderabad,11-05-2024 20:35,Cash Withdrawal,5000,0,Rural,Saturday,216363,No,Down
TXN01090,ATM_DEL_001,Delhi,14-03-2025 23:44,Fund Transfer,1000,96,Urban,Friday,229173,No,Active
TXN01091,ATM_KOL_001,Kolkata,02-08-2024 01:35,Cash Withdrawal,10000,0,Semi-Urban,Friday,399647,No,Active
TXN01092,ATM_PUN_002,Pune,09-05-2025 04:51,Cash Withdrawal,20000,0,Rural,Friday,495961,No,Active
TXN01093,ATM_KOL_008,Kolkata,25-06-2024 14:09,Cash Deposit,2000,0,Semi-Urban,Tuesday,377695,No,Down
TXN01094,ATM_CHE_004,Chennai,26-05-2024 11:39,Cash Withdrawal,10000,51,Urban,Sunday,418834,No,Down
TXN01095,ATM_CHE_007,Chennai,28-10-2024 10:32,Mini Statement,500,0,Rural,Monday,125915,No,Down
TXN01096,ATM_DEL_007,Delhi,02-02-2024 22:38,PIN Change,15000,96,Semi-Urban,Friday,152496,No,Down
TXN01097,ATM_BAN_013,Bangalore,08-02-2024 05:21,Cash Withdrawal,20000,0,Rural,Thursday,98235,Yes,Active
TXN01098,ATM_DEL_003,Delhi,10-11-2024 22:21,PIN Change,500,0,Semi-Urban,Sunday,436264,No,Active
TXN01099,ATM_HYD_015,Hyderabad,27-02-2024 07:01,Cash Withdrawal,2000,0,Semi-Urban,Tuesday,229784,No,Active
TXN01100,ATM_MUM_012,Mumbai,21-08-2024 13:54,Cash Withdrawal,20000,0,Urban,Wednesday,272216,No,Active
TXN01101,ATM_BAN_012,Bangalore,31-12-2024 21:03,Fund Transfer,10000,0,Semi-Urban,Tuesday,145013,No,Active
TXN01102,ATM_CHE_013,Chennai,24-10-2024 13:41,Fund Transfer,1000,0,Semi-Urban,Thursday,362477,No,Active
TXN01103,ATM_DEL_012,Delhi,14-03-2024 16:21,Mini Statement,20000,55,Semi-Urban,Thursday,339301,No,Active
TXN01104,ATM_CHE_008,Chennai,26-09-2024 10:11,Fund Transfer,20000,0,Rural,Thursday,75436,Yes,Active
TXN01105,ATM_MUM_012,Mumbai,26-07-2024 07:56,PIN Change,15000,0,Rural,Friday,243445,No,Active
TXN01106,ATM_PUN_007,Pune,12-12-2024 05:13,Mini Statement,5000,0,Semi-Urban,Thursday,108405,No,Active
TXN01107,ATM_BAN_014,Bangalore,04-01-2025 05:07,PIN Change,20000,0,Rural,Saturday,449206,No,Down
TXN01108,ATM_MUM_012,Mumbai,02-01-2024 04:52,Balance Inquiry,2000,0,Urban,Tuesday,328236,No,Active
TXN01109,ATM_DEL_008,Delhi,17-05-2024 09:29,Fund Transfer,10000,0,Semi-Urban,Friday,477479,No,Active
TXN01110,ATM_MUM_002,Mumbai,17-02-2025 23:47,Cash Withdrawal,2000,0,Semi-Urban,Monday,428784,No,Down
TXN01111,ATM_CHE_008,Chennai,13-09-2024 19:57,Cash Deposit,20000,96,Urban,Friday,213974,No,Active
TXN01112,ATM_HYD_014,Hyderabad,09-02-2024 01:10,PIN Change,500,0,Urban,Friday,496798,No,Down
TXN01113,ATM_DEL_013,Delhi,09-11-2024 06:19,Cash Deposit,500,0,Semi-Urban,Saturday,182160,No,Down
TXN01114,ATM_HYD_002,Hyderabad,19-07-2024 09:23,Fund Transfer,5000,0,Semi-Urban,Friday,97078,Yes,Active
TXN01115,ATM_KOL_005,Kolkata,25-08-2024 06:07,Balance Inquiry,2000,0,Semi-Urban,Sunday,399630,No,Active
TXN01116,ATM_KOL_003,Kolkata,09-05-2025 00:34,Cash Withdrawal,1000,0,Rural,Friday,292982,No,Active
TXN01117,ATM_DEL_007,Delhi,30-01-2025 05:22,Mini Statement,500,0,Rural,Thursday,223759,No,Active
TXN01118,ATM_DEL_012,Delhi,16-02-2024 05:21,Cash Deposit,1000,0,Rural,Friday,207535,No,Active
TXN01119,ATM_PUN_015,Pune,19-12-2024 15:18,Mini Statement,5000,0,Rural,Thursday,427010,No,Active
TXN01120,ATM_PUN_008,Pune,29-01-2025 22:11,Cash Withdrawal,1000,0,Semi-Urban,Wednesday,156969,No,Active
TXN01121,ATM_KOL_010,Kolkata,18-02-2025 03:52,PIN Change,5000,0,Semi-Urban,Tuesday,491920,No,Down
TXN01122,ATM_PUN_010,Pune,29-01-2025 23:07,PIN Change,15000,0,Rural,Wednesday,316415,No,Active
TXN01123,ATM_BAN_001,Bangalore,12-10-2024 14:51,Cash Withdrawal,2000,96,Urban,Saturday,52604,Yes,Active
TXN01124,ATM_BAN_011,Bangalore,17-07-2024 04:48,Cash Withdrawal,10000,96,Urban,Wednesday,439683,No,Down
TXN01125,ATM_DEL_003,Delhi,09-03-2025 23:44,Balance Inquiry,2000,0,Rural,Sunday,491892,No,Active
TXN01126,ATM_BAN_007,Bangalore,02-07-2024 05:28,Mini Statement,10000,0,Urban,Tuesday,285868,No,Active
TXN01127,ATM_PUN_012,Pune,10-04-2024 15:23,PIN Change,2000,0,Semi-Urban,Wednesday,126652,No,Active
TXN01128,ATM_PUN_009,Pune,13-08-2024 14:29,Cash Withdrawal,500,0,Semi-Urban,Tuesday,353746,No,Active
TXN01129,ATM_HYD_001,Hyderabad,24-04-2024 03:44,Balance Inquiry,20000,0,Semi-Urban,Wednesday,276854,No,Active
TXN01130,ATM_MUM_009,Mumbai,21-02-2025 22:28,Balance Inquiry,20000,0,Rural,Friday,447544,No,Down
TXN01131,ATM_DEL_002,Delhi,05-07-2024 19:16,Cash Deposit,5000,0,Rural,Friday,389090,No,Active
TXN01132,ATM_PUN_001,Pune,15-03-2025 16:14,Mini Statement,2000,0,Rural,Saturday,408971,No,Active
TXN01133,ATM_DEL_006,Delhi,01-03-2024 01:28,Cash Withdrawal,15000,0,Semi-Urban,Friday,105267,No,Active
TXN01134,ATM_CHE_010,Chennai,03-12-2024 03:42,Balance Inquiry,2000,0,Semi-Urban,Tuesday,498800,No,Active
TXN01135,ATM_MUM_006,Mumbai,18-12-2024 17:00,Mini Statement,2000,0,Rural,Wednesday,323951,No,Down
TXN01136,ATM_KOL_009,Kolkata,20-03-2025 04:39,Mini Statement,500,0,Rural,Thursday,293736,No,Active
TXN01137,ATM_PUN_010,Pune,16-02-2024 16:49,Cash Deposit,10000,0,Urban,Friday,360425,No,Active
TXN01138,ATM_MUM_012,Mumbai,04-10-2024 09:11,Fund Transfer,5000,0,Rural,Friday,422197,No,Active
TXN01139,ATM_MUM_001,Mumbai,16-05-2024 01:43,Mini Statement,1000,0,Urban,Thursday,218188,No,Active
TXN01140,ATM_MUM_002,Mumbai,08-01-2025 18:11,Mini Statement,10000,0,Urban,Wednesday,160415,No,Active
TXN01141,ATM_PUN_002,Pune,30-10-2024 20:30,Balance Inquiry,1000,0,Semi-Urban,Wednesday,473226,No,Active
TXN01142,ATM_KOL_003,Kolkata,01-11-2024 06:19,Cash Deposit,500,0,Rural,Friday,241450,No,Active
TXN01143,ATM_BAN_001,Bangalore,02-03-2025 13:20,Balance Inquiry,10000,0,Urban,Sunday,155232,No,Active
TXN01144,ATM_HYD_013,Hyderabad,09-03-2024 13:00,Balance Inquiry,20000,96,Semi-Urban,Saturday,369756,No,Active
TXN01145,ATM_KOL_010,Kolkata,12-04-2025 05:21,Mini Statement,20000,0,Urban,Saturday,293374,No,Active
TXN01146,ATM_DEL_009,Delhi,04-03-2025 22:01,Balance Inquiry,500,0,Urban,Tuesday,220717,No,Down
TXN01147,ATM_MUM_010,Mumbai,02-09-2024 20:56,Mini Statement,2000,0,Semi-Urban,Monday,383981,No,Active
TXN01148,ATM_BAN_008,Bangalore,24-08-2024 20:18,Fund Transfer,15000,0,Semi-Urban,Saturday,476177,No,Active
TXN01149,ATM_CHE_007,Chennai,27-02-2024 19:13,Fund Transfer,15000,0,Rural,Tuesday,71487,Yes,Active
TXN01150,ATM_HYD_002,Hyderabad,04-05-2025 21:40,Balance Inquiry,500,0,Semi-Urban,Sunday,54070,Yes,Down
TXN01151,ATM_MUM_010,Mumbai,08-03-2025 16:13,PIN Change,1000,0,Semi-Urban,Saturday,122039,No,Active
TXN01152,ATM_KOL_001,Kolkata,25-02-2025 17:21,PIN Change,1000,51,Urban,Tuesday,414911,No,Down
TXN01153,ATM_BAN_006,Bangalore,19-06-2024 14:22,Cash Deposit,2000,96,Rural,Wednesday,367126,No,Active
TXN01154,ATM_KOL_001,Kolkata,23-04-2025 17:08,Balance Inquiry,500,0,Urban,Wednesday,88755,Yes,Down
TXN01155,ATM_PUN_008,Pune,08-03-2024 14:11,Cash Withdrawal,10000,0,Semi-Urban,Friday,457547,No,Active
TXN01156,ATM_DEL_002,Delhi,07-12-2024 08:46,Balance Inquiry,5000,0,Semi-Urban,Saturday,70044,Yes,Active
TXN01157,ATM_BAN_002,Bangalore,28-07-2024 02:17,Mini Statement,15000,0,Rural,Sunday,247556,No,Down
TXN01158,ATM_DEL_011,Delhi,18-06-2024 17:33,Balance Inquiry,500,51,Urban,Tuesday,72758,Yes,Down
TXN01159,ATM_BAN_004,Bangalore,04-03-2024 19:50,Cash Withdrawal,1000,0,Urban,Monday,69178,Yes,Active
TXN01160,ATM_DEL_012,Delhi,11-05-2025 08:42,Mini Statement,10000,0,Rural,Sunday,152960,No,Active
TXN01161,ATM_CHE_011,Chennai,03-01-2024 18:17,Mini Statement,15000,0,Rural,Wednesday,410991,No,Active
TXN01162,ATM_DEL_004,Delhi,10-01-2024 13:21,Cash Deposit,5000,0,Urban,Wednesday,335014,No,Active
TXN01163,ATM_PUN_004,Pune,03-03-2024 16:03,Mini Statement,500,0,Semi-Urban,Sunday,481116,No,Active
TXN01164,ATM_DEL_010,Delhi,01-06-2024 20:24,Mini Statement,1000,55,Rural,Saturday,72813,Yes,Active
TXN01165,ATM_DEL_003,Delhi,18-04-2025 21:51,Balance Inquiry,500,0,Urban,Friday,247070,No,Active
TXN01166,ATM_BAN_014,Bangalore,22-05-2024 02:02,Cash Withdrawal,20000,96,Rural,Wednesday,272296,No,Active
TXN01167,ATM_KOL_004,Kolkata,31-05-2024 07:21,Fund Transfer,10000,96,Urban,Friday,322642,No,Active
TXN01168,ATM_CHE_012,Chennai,28-04-2024 22:52,Fund Transfer,20000,0,Rural,Sunday,453324,No,Active
TXN01169,ATM_MUM_012,Mumbai,15-01-2024 12:45,Cash Deposit,5000,0,Urban,Monday,383054,No,Down
TXN01170,ATM_HYD_004,Hyderabad,17-12-2024 08:14,PIN Change,10000,0,Urban,Tuesday,133117,No,Active
TXN01171,ATM_DEL_010,Delhi,07-01-2025 18:41,Cash Deposit,500,96,Urban,Tuesday,234483,No,Down
TXN01172,ATM_BAN_007,Bangalore,13-04-2024 16:44,Balance Inquiry,15000,0,Semi-Urban,Saturday,262281,No,Active
TXN01173,ATM_HYD_001,Hyderabad,29-05-2024 10:38,Balance Inquiry,2000,0,Semi-Urban,Wednesday,70652,Yes,Active
TXN01174,ATM_CHE_001,Chennai,18-02-2025 06:01,Balance Inquiry,1000,51,Rural,Tuesday,241364,No,Active
TXN01175,ATM_BAN_004,Bangalore,08-04-2025 19:01,Mini Statement,500,0,Semi-Urban,Tuesday,62184,Yes,Active
TXN01176,ATM_HYD_009,Hyderabad,30-01-2025 20:54,Fund Transfer,15000,0,Rural,Thursday,194094,No,Active
TXN01177,ATM_HYD_001,Hyderabad,02-03-2024 15:27,Fund Transfer,20000,0,Semi-Urban,Saturday,121149,No,Active
TXN01178,ATM_HYD_004,Hyderabad,22-11-2024 20:24,Cash Withdrawal,10000,0,Rural,Friday,64378,Yes,Down
TXN01179,ATM_MUM_004,Mumbai,12-04-2025 19:24,Mini Statement,15000,0,Rural,Saturday,262512,No,Active
TXN01180,ATM_DEL_015,Delhi,04-10-2024 22:19,Cash Deposit,15000,0,Rural,Friday,193367,No,Active
TXN01181,ATM_PUN_014,Pune,19-06-2024 21:28,Mini Statement,500,0,Rural,Wednesday,354564,No,Active
TXN01182,ATM_CHE_007,Chennai,14-04-2024 12:37,PIN Change,5000,55,Rural,Sunday,491712,No,Active
TXN01183,ATM_HYD_001,Hyderabad,16-08-2024 09:20,Balance Inquiry,5000,0,Semi-Urban,Friday,301736,No,Active
TXN01184,ATM_CHE_010,Chennai,17-10-2024 11:34,Cash Withdrawal,15000,51,Rural,Thursday,52387,Yes,Active
TXN01185,ATM_CHE_003,Chennai,13-10-2024 23:09,Cash Deposit,5000,0,Urban,Sunday,492265,No,Active
TXN01186,ATM_KOL_008,Kolkata,25-01-2025 16:35,Fund Transfer,2000,0,Rural,Saturday,135921,No,Active
TXN01187,ATM_MUM_004,Mumbai,28-04-2024 01:08,Fund Transfer,20000,51,Urban,Sunday,371367,No,Active
TXN01188,ATM_CHE_007,Chennai,22-11-2024 00:07,PIN Change,2000,0,Semi-Urban,Friday,190484,No,Down
TXN01189,ATM_CHE_003,Chennai,29-09-2024 09:07,Cash Withdrawal,10000,0,Rural,Sunday,54441,Yes,Active
TXN01190,ATM_PUN_010,Pune,04-05-2024 11:29,Mini Statement,1000,0,Rural,Saturday,127328,No,Active
TXN01191,ATM_BAN_006,Bangalore,01-04-2025 05:13,Cash Deposit,5000,0,Semi-Urban,Tuesday,72920,Yes,Active
TXN01192,ATM_PUN_010,Pune,12-01-2024 08:43,PIN Change,10000,55,Semi-Urban,Friday,246160,No,Down
TXN01193,ATM_KOL_003,Kolkata,17-05-2024 21:14,Cash Withdrawal,500,0,Rural,Friday,467837,No,Active
TXN01194,ATM_BAN_014,Bangalore,06-03-2024 11:26,Cash Deposit,15000,0,Semi-Urban,Wednesday,413106,No,Active
TXN01195,ATM_CHE_009,Chennai,19-03-2024 03:42,Cash Deposit,5000,0,Rural,Tuesday,140056,No,Active
TXN01196,ATM_HYD_004,Hyderabad,18-11-2024 06:05,PIN Change,20000,0,Rural,Monday,439042,No,Down
TXN01197,ATM_CHE_014,Chennai,05-01-2025 10:53,Cash Withdrawal,500,55,Urban,Sunday,400858,No,Active
TXN01198,ATM_BAN_010,Bangalore,14-01-2024 13:30,Mini Statement,1000,51,Rural,Sunday,346785,No,Active
TXN01199,ATM_MUM_001,Mumbai,10-07-2024 00:54,PIN Change,5000,0,Urban,Wednesday,391311,No,Active
TXN01200,ATM_HYD_015,Hyderabad,23-08-2024 07:57,Cash Withdrawal,1000,0,Rural,Friday,197962,No,Active
TXN01201,ATM_DEL_004,Delhi,28-03-2025 17:52,Fund Transfer,1000,0,Rural,Friday,485805,No,Active
TXN01202,ATM_KOL_008,Kolkata,05-02-2024 05:27,Cash Deposit,5000,0,Rural,Monday,438650,No,Active
TXN01203,ATM_HYD_005,Hyderabad,14-09-2024 04:38,Cash Deposit,5000,0,Rural,Saturday,136592,No,Active
TXN01204,ATM_MUM_015,Mumbai,28-03-2024 16:19,Balance Inquiry,500,0,Semi-Urban,Thursday,93263,Yes,Down
TXN01205,ATM_KOL_007,Kolkata,15-03-2024 03:04,Cash Withdrawal,5000,0,Semi-Urban,Friday,483973,No,Active
TXN01206,ATM_PUN_010,Pune,30-03-2024 12:45,Mini Statement,20000,0,Urban,Saturday,412379,No,Active
TXN01207,ATM_KOL_012,Kolkata,09-02-2024 19:28,Cash Withdrawal,1000,0,Urban,Friday,291946,No,Active
TXN01208,ATM_HYD_006,Hyderabad,05-10-2024 01:55,PIN Change,500,51,Urban,Saturday,405267,No,Active
TXN01209,ATM_KOL_010,Kolkata,04-10-2024 11:58,Cash Deposit,500,0,Rural,Friday,424224,No,Active
TXN01210,ATM_DEL_003,Delhi,12-12-2024 21:00,Mini Statement,15000,0,Rural,Thursday,234164,No,Down
TXN01211,ATM_PUN_006,Pune,17-08-2024 12:35,Cash Withdrawal,500,51,Semi-Urban,Saturday,303699,No,Active
TXN01212,ATM_BAN_007,Bangalore,14-05-2024 10:02,Mini Statement,20000,51,Rural,Tuesday,496253,No,Active
TXN01213,ATM_HYD_002,Hyderabad,19-04-2024 00:14,Cash Withdrawal,10000,96,Rural,Friday,226706,No,Active
TXN01214,ATM_MUM_002,Mumbai,26-03-2025 19:08,Balance Inquiry,2000,0,Rural,Wednesday,57348,Yes,Active
TXN01215,ATM_MUM_008,Mumbai,14-12-2024 02:46,PIN Change,10000,0,Semi-Urban,Saturday,468052,No,Active
TXN01216,ATM_HYD_005,Hyderabad,26-10-2024 01:01,Balance Inquiry,2000,0,Rural,Saturday,163045,No,Active
TXN01217,ATM_DEL_013,Delhi,24-03-2025 04:26,Mini Statement,20000,0,Semi-Urban,Monday,434579,No,Active
TXN01218,ATM_MUM_010,Mumbai,15-06-2024 02:38,PIN Change,1000,0,Rural,Saturday,410221,No,Active
TXN01219,ATM_BAN_008,Bangalore,24-01-2025 20:27,Cash Withdrawal,10000,0,Urban,Friday,366207,No,Down
TXN01220,ATM_PUN_003,Pune,04-02-2024 22:58,Cash Deposit,15000,0,Rural,Sunday,409250,No,Active
TXN01221,ATM_DEL_007,Delhi,29-07-2024 21:51,PIN Change,500,0,Semi-Urban,Monday,465932,No,Down
TXN01222,ATM_CHE_014,Chennai,07-03-2025 11:53,Balance Inquiry,500,0,Semi-Urban,Friday,335274,No,Active
TXN01223,ATM_DEL_003,Delhi,17-07-2024 13:24,Cash Deposit,15000,0,Semi-Urban,Wednesday,417482,No,Active
TXN01224,ATM_BAN_015,Bangalore,08-04-2025 15:23,Mini Statement,500,0,Rural,Tuesday,460928,No,Active
TXN01225,ATM_PUN_001,Pune,19-03-2024 05:22,Cash Deposit,500,0,Urban,Tuesday,108403,No,Active
TXN01226,ATM_KOL_011,Kolkata,02-05-2025 00:51,Cash Deposit,15000,51,Rural,Friday,92871,Yes,Active
TXN01227,ATM_KOL_009,Kolkata,27-03-2025 13:50,Fund Transfer,5000,0,Urban,Thursday,409410,No,Active
TXN01228,ATM_PUN_003,Pune,17-10-2024 18:37,PIN Change,500,0,Semi-Urban,Thursday,156607,No,Active
TXN01229,ATM_PUN_015,Pune,15-05-2025 10:22,Cash Withdrawal,500,0,Rural,Thursday,238612,No,Active
TXN01230,ATM_MUM_010,Mumbai,27-01-2025 04:34,PIN Change,15000,51,Rural,Monday,246262,No,Down
TXN01231,ATM_BAN_005,Bangalore,07-01-2024 06:59,Balance Inquiry,1000,0,Rural,Sunday,50264,Yes,Down
TXN01232,ATM_PUN_005,Pune,01-02-2025 13:48,Fund Transfer,15000,0,Urban,Saturday,141632,No,Down
TXN01233,ATM_HYD_003,Hyderabad,25-09-2024 15:22,PIN Change,2000,96,Urban,Wednesday,328565,No,Active
TXN01234,ATM_MUM_008,Mumbai,15-12-2024 15:33,Mini Statement,15000,0,Rural,Sunday,202649,No,Active
TXN01235,ATM_CHE_014,Chennai,09-11-2024 11:12,Cash Withdrawal,2000,0,Rural,Saturday,132329,No,Active
TXN01236,ATM_KOL_001,Kolkata,08-08-2024 00:11,PIN Change,20000,0,Urban,Thursday,300201,No,Down
TXN01237,ATM_CHE_013,Chennai,12-04-2024 00:05,Balance Inquiry,10000,0,Semi-Urban,Friday,495660,No,Down
TXN01238,ATM_PUN_010,Pune,07-11-2024 11:43,PIN Change,15000,0,Urban,Thursday,355374,No,Active
TXN01239,ATM_DEL_012,Delhi,20-07-2024 20:35,Cash Withdrawal,20000,55,Semi-Urban,Saturday,159277,No,Active
TXN01240,ATM_CHE_007,Chennai,29-03-2024 19:18,Cash Withdrawal,15000,0,Rural,Friday,414472,No,Active
TXN01241,ATM_KOL_003,Kolkata,11-04-2024 01:51,Balance Inquiry,15000,0,Rural,Thursday,481117,No,Down
TXN01242,ATM_KOL_005,Kolkata,29-06-2024 17:50,Fund Transfer,10000,0,Semi-Urban,Saturday,314825,No,Active
TXN01243,ATM_PUN_004,Pune,23-03-2025 02:38,Cash Deposit,10000,0,Semi-Urban,Sunday,144924,No,Active
TXN01244,ATM_CHE_001,Chennai,24-07-2024 14:42,Cash Withdrawal,500,51,Rural,Wednesday,430367,No,Active
TXN01245,ATM_HYD_008,Hyderabad,17-03-2024 07:58,Cash Withdrawal,500,55,Urban,Sunday,436437,No,Active
TXN01246,ATM_DEL_005,Delhi,26-02-2024 11:07,PIN Change,2000,51,Semi-Urban,Monday,210298,No,Active
TXN01247,ATM_KOL_011,Kolkata,15-04-2024 14:03,PIN Change,5000,0,Urban,Monday,401474,No,Active
TXN01248,ATM_DEL_001,Delhi,07-05-2025 05:47,Balance Inquiry,1000,0,Urban,Wednesday,499825,No,Active
TXN01249,ATM_MUM_006,Mumbai,15-12-2024 06:54,PIN Change,5000,0,Semi-Urban,Sunday,199613,No,Down
TXN01250,ATM_BAN_012,Bangalore,11-07-2024 10:04,Fund Transfer,5000,55,Semi-Urban,Thursday,239251,No,Down
TXN01251,ATM_MUM_004,Mumbai,27-03-2024 04:48,Cash Deposit,15000,51,Urban,Wednesday,456491,No,Active
TXN01252,ATM_BAN_009,Bangalore,23-06-2024 20:25,Mini Statement,2000,0,Urban,Sunday,293746,No,Active
TXN01253,ATM_KOL_004,Kolkata,20-11-2024 18:51,Cash Deposit,10000,0,Rural,Wednesday,116009,No,Active
TXN01254,ATM_BAN_008,Bangalore,01-04-2025 07:05,Cash Deposit,500,0,Semi-Urban,Tuesday,236978,No,Active
TXN01255,ATM_KOL_002,Kolkata,26-06-2024 21:35,Balance Inquiry,5000,0,Semi-Urban,Wednesday,489470,No,Active
TXN01256,ATM_MUM_007,Mumbai,23-10-2024 06:44,Fund Transfer,500,55,Rural,Wednesday,332264,No,Down
TXN01257,ATM_MUM_012,Mumbai,04-11-2024 07:37,Cash Deposit,5000,0,Urban,Monday,220756,No,Active
TXN01258,ATM_BAN_007,Bangalore,18-12-2024 08:27,Balance Inquiry,500,0,Rural,Wednesday,289025,No,Active
TXN01259,ATM_CHE_004,Chennai,24-10-2024 13:18,Cash Deposit,1000,51,Semi-Urban,Thursday,307995,No,Down
TXN01260,ATM_PUN_001,Pune,18-08-2024 18:37,Mini Statement,2000,51,Rural,Sunday,281971,No,Active
TXN01261,ATM_PUN_010,Pune,01-09-2024 20:51,Cash Withdrawal,500,0,Urban,Sunday,205079,No,Active
TXN01262,ATM_KOL_008,Kolkata,21-05-2024 10:07,Fund Transfer,500,55,Semi-Urban,Tuesday,217894,No,Active
TXN01263,ATM_DEL_006,Delhi,04-08-2024 05:03,Cash Withdrawal,1000,96,Rural,Sunday,227337,No,Active
TXN01264,ATM_DEL_015,Delhi,08-04-2024 04:17,Fund Transfer,500,55,Rural,Monday,296628,No,Active
TXN01265,ATM_PUN_003,Pune,16-10-2024 12:36,Cash Deposit,500,0,Urban,Wednesday,463199,No,Active
TXN01266,ATM_MUM_007,Mumbai,24-10-2024 11:12,Balance Inquiry,5000,96,Urban,Thursday,323727,No,Active
TXN01267,ATM_KOL_014,Kolkata,11-02-2025 09:20,Fund Transfer,20000,0,Semi-Urban,Tuesday,152364,No,Active
TXN01268,ATM_BAN_014,Bangalore,16-02-2025 18:57,Cash Withdrawal,5000,0,Urban,Sunday,484917,No,Active
TXN01269,ATM_CHE_007,Chennai,25-02-2024 12:00,PIN Change,15000,0,Urban,Sunday,92899,Yes,Active
TXN01270,ATM_CHE_011,Chennai,16-11-2024 15:47,Cash Deposit,1000,0,Semi-Urban,Saturday,164195,No,Active
TXN01271,ATM_CHE_015,Chennai,13-05-2024 01:16,PIN Change,1000,0,Urban,Monday,153313,No,Down
TXN01272,ATM_DEL_009,Delhi,30-04-2025 17:03,Mini Statement,2000,55,Semi-Urban,Wednesday,96903,Yes,Active
TXN01273,ATM_KOL_006,Kolkata,12-01-2024 22:52,Balance Inquiry,1000,0,Semi-Urban,Friday,175000,No,Down
TXN01274,ATM_PUN_007,Pune,06-11-2024 14:15,Cash Withdrawal,10000,96,Semi-Urban,Wednesday,74352,Yes,Active
TXN01275,ATM_DEL_010,Delhi,01-05-2024 12:36,Mini Statement,500,0,Urban,Wednesday,473847,No,Down
TXN01276,ATM_BAN_010,Bangalore,25-06-2024 21:58,Mini Statement,10000,0,Rural,Tuesday,165654,No,Active
TXN01277,ATM_DEL_007,Delhi,19-11-2024 17:52,PIN Change,10000,0,Urban,Tuesday,440944,No,Down
TXN01278,ATM_DEL_015,Delhi,15-01-2025 18:59,Fund Transfer,500,0,Rural,Wednesday,142371,No,Active
TXN01279,ATM_MUM_011,Mumbai,19-03-2024 18:13,Cash Deposit,15000,51,Semi-Urban,Tuesday,467031,No,Active
TXN01280,ATM_KOL_001,Kolkata,27-10-2024 01:34,Mini Statement,1000,0,Rural,Sunday,215931,No,Active
TXN01281,ATM_KOL_013,Kolkata,25-08-2024 20:44,Fund Transfer,2000,0,Rural,Sunday,163264,No,Active
TXN01282,ATM_CHE_013,Chennai,12-02-2025 23:39,Cash Deposit,15000,0,Rural,Wednesday,122857,No,Down
TXN01283,ATM_KOL_005,Kolkata,21-09-2024 00:35,Balance Inquiry,2000,0,Rural,Saturday,446148,No,Down
TXN01284,ATM_KOL_001,Kolkata,07-05-2024 02:28,Balance Inquiry,15000,51,Semi-Urban,Tuesday,249538,No,Active
TXN01285,ATM_DEL_005,Delhi,07-04-2025 05:50,Balance Inquiry,500,0,Urban,Monday,463796,No,Active
TXN01286,ATM_BAN_012,Bangalore,17-05-2024 19:07,Fund Transfer,15000,51,Semi-Urban,Friday,221517,No,Active
TXN01287,ATM_KOL_002,Kolkata,17-12-2024 12:34,PIN Change,5000,51,Urban,Tuesday,476844,No,Down
TXN01288,ATM_DEL_012,Delhi,28-04-2025 04:20,PIN Change,10000,55,Rural,Monday,76294,Yes,Active
TXN01289,ATM_MUM_004,Mumbai,01-07-2024 09:36,Cash Withdrawal,15000,0,Rural,Monday,153156,No,Active
TXN01290,ATM_HYD_009,Hyderabad,15-03-2024 09:25,Mini Statement,5000,96,Urban,Friday,323088,No,Down
TXN01291,ATM_DEL_009,Delhi,15-05-2025 09:33,PIN Change,1000,0,Semi-Urban,Thursday,245717,No,Active
TXN01292,ATM_KOL_007,Kolkata,24-12-2024 02:17,Mini Statement,10000,0,Urban,Tuesday,205232,No,Down
TXN01293,ATM_PUN_014,Pune,16-03-2025 04:26,Fund Transfer,500,0,Rural,Sunday,266282,No,Active
TXN01294,ATM_KOL_008,Kolkata,16-01-2025 10:36,Mini Statement,15000,0,Urban,Thursday,158450,No,Down
TXN01295,ATM_PUN_007,Pune,17-05-2024 17:26,Mini Statement,500,0,Semi-Urban,Friday,112472,No,Down
TXN01296,ATM_MUM_009,Mumbai,06-06-2024 13:02,Cash Deposit,15000,0,Semi-Urban,Thursday,447902,No,Active
TXN01297,ATM_CHE_011,Chennai,17-01-2024 15:34,Fund Transfer,5000,0,Urban,Wednesday,100621,No,Active
TXN01298,ATM_BAN_003,Bangalore,03-07-2024 01:59,Cash Withdrawal,1000,0,Semi-Urban,Wednesday,428641,No,Down
TXN01299,ATM_DEL_010,Delhi,12-03-2025 21:35,Balance Inquiry,10000,0,Semi-Urban,Wednesday,485678,No,Down
TXN01300,ATM_CHE_007,Chennai,09-04-2024 19:36,Cash Withdrawal,2000,51,Rural,Tuesday,494389,No,Active
TXN01301,ATM_KOL_012,Kolkata,09-07-2024 14:12,Cash Deposit,10000,51,Rural,Tuesday,173580,No,Down
TXN01302,ATM_MUM_009,Mumbai,23-01-2025 07:42,Mini Statement,2000,0,Urban,Thursday,450162,No,Active
TXN01303,ATM_HYD_013,Hyderabad,06-06-2024 09:00,Balance Inquiry,1000,0,Semi-Urban,Thursday,256065,No,Active
TXN01304,ATM_KOL_006,Kolkata,15-02-2025 03:28,PIN Change,2000,0,Urban,Saturday,343798,No,Active
TXN01305,ATM_DEL_014,Delhi,04-05-2024 07:57,Fund Transfer,10000,0,Urban,Saturday,495479,No,Down
TXN01306,ATM_DEL_005,Delhi,21-11-2024 21:24,Cash Withdrawal,20000,0,Semi-Urban,Thursday,484748,No,Active
TXN01307,ATM_CHE_015,Chennai,23-04-2025 01:08,Balance Inquiry,10000,0,Semi-Urban,Wednesday,160693,No,Active
TXN01308,ATM_HYD_012,Hyderabad,05-02-2025 23:09,Fund Transfer,15000,0,Rural,Wednesday,117582,No,Down
TXN01309,ATM_DEL_002,Delhi,27-04-2025 23:34,Fund Transfer,15000,0,Semi-Urban,Sunday,338731,No,Down
TXN01310,ATM_KOL_003,Kolkata,14-05-2025 11:18,Balance Inquiry,20000,0,Urban,Wednesday,55922,Yes,Down
TXN01311,ATM_PUN_001,Pune,21-08-2024 03:03,PIN Change,500,0,Semi-Urban,Wednesday,352147,No,Down
TXN01312,ATM_CHE_005,Chennai,24-01-2024 21:55,Cash Deposit,15000,96,Rural,Wednesday,255212,No,Active
TXN01313,ATM_BAN_014,Bangalore,16-11-2024 05:18,Cash Deposit,500,0,Semi-Urban,Saturday,202786,No,Down
TXN01314,ATM_MUM_015,Mumbai,22-04-2025 09:39,Cash Deposit,500,0,Urban,Tuesday,412138,No,Active
TXN01315,ATM_HYD_010,Hyderabad,10-02-2024 21:38,Balance Inquiry,5000,0,Urban,Saturday,350887,No,Active
TXN01316,ATM_KOL_007,Kolkata,23-03-2025 15:53,Cash Withdrawal,10000,0,Urban,Sunday,351963,No,Down
TXN01317,ATM_MUM_009,Mumbai,27-03-2025 14:59,Cash Deposit,1000,0,Semi-Urban,Thursday,311975,No,Down
TXN01318,ATM_BAN_004,Bangalore,06-08-2024 21:56,Cash Deposit,20000,0,Semi-Urban,Tuesday,107001,No,Down
TXN01319,ATM_CHE_003,Chennai,15-02-2024 22:00,Fund Transfer,2000,0,Semi-Urban,Thursday,481625,No,Active
TXN01320,ATM_DEL_005,Delhi,03-05-2024 01:43,Cash Withdrawal,10000,0,Urban,Friday,99187,Yes,Active
TXN01321,ATM_DEL_008,Delhi,28-04-2025 03:25,Balance Inquiry,15000,0,Rural,Monday,211169,No,Down
TXN01322,ATM_CHE_015,Chennai,17-12-2024 08:13,Mini Statement,10000,0,Urban,Tuesday,338871,No,Active
TXN01323,ATM_PUN_009,Pune,07-02-2024 06:34,Cash Deposit,15000,51,Rural,Wednesday,383910,No,Active
TXN01324,ATM_HYD_010,Hyderabad,04-07-2024 18:25,Mini Statement,500,51,Urban,Thursday,188919,No,Active
TXN01325,ATM_MUM_004,Mumbai,07-06-2024 11:00,Balance Inquiry,15000,55,Urban,Friday,377974,No,Active
TXN01326,ATM_PUN_006,Pune,13-02-2025 05:52,Mini Statement,15000,51,Rural,Thursday,480718,No,Down
TXN01327,ATM_HYD_005,Hyderabad,13-01-2025 13:46,Fund Transfer,15000,0,Urban,Monday,158672,No,Active
TXN01328,ATM_CHE_009,Chennai,06-06-2024 22:39,PIN Change,15000,0,Rural,Thursday,158525,No,Active
TXN01329,ATM_CHE_012,Chennai,20-10-2024 23:59,Fund Transfer,500,0,Urban,Sunday,485538,No,Active
TXN01330,ATM_DEL_014,Delhi,01-05-2024 23:02,Fund Transfer,20000,0,Rural,Wednesday,299003,No,Active
TXN01331,ATM_KOL_015,Kolkata,24-10-2024 12:34,Cash Withdrawal,500,0,Semi-Urban,Thursday,379643,No,Active
TXN01332,ATM_PUN_007,Pune,07-03-2024 13:19,PIN Change,1000,55,Semi-Urban,Thursday,470729,No,Down
TXN01333,ATM_BAN_003,Bangalore,29-09-2024 05:41,Cash Withdrawal,500,0,Urban,Sunday,377999,No,Active
TXN01334,ATM_DEL_004,Delhi,20-10-2024 18:46,Cash Deposit,15000,0,Rural,Sunday,339939,No,Active
TXN01335,ATM_BAN_008,Bangalore,04-02-2025 01:53,Cash Withdrawal,500,0,Urban,Tuesday,221851,No,Down
TXN01336,ATM_PUN_015,Pune,24-12-2024 20:27,Fund Transfer,10000,0,Semi-Urban,Tuesday,216733,No,Active
TXN01337,ATM_BAN_005,Bangalore,03-05-2024 20:23,Cash Withdrawal,10000,0,Urban,Friday,234813,No,Active
TXN01338,ATM_BAN_005,Bangalore,11-03-2024 05:11,Mini Statement,5000,96,Semi-Urban,Monday,250191,No,Down
TXN01339,ATM_BAN_003,Bangalore,16-03-2025 04:02,Cash Withdrawal,5000,0,Rural,Sunday,330705,No,Active
TXN01340,ATM_CHE_006,Chennai,01-05-2025 13:17,Cash Withdrawal,500,0,Rural,Thursday,465791,No,Active
TXN01341,ATM_PUN_010,Pune,14-01-2024 15:05,Mini Statement,5000,0,Semi-Urban,Sunday,173766,No,Active
TXN01342,ATM_HYD_011,Hyderabad,09-11-2024 13:44,Cash Deposit,500,0,Urban,Saturday,291906,No,Down
TXN01343,ATM_CHE_002,Chennai,05-05-2025 22:16,Fund Transfer,10000,0,Urban,Monday,391350,No,Active
TXN01344,ATM_CHE_007,Chennai,29-07-2024 20:32,Cash Deposit,15000,0,Urban,Monday,144874,No,Active
TXN01345,ATM_HYD_004,Hyderabad,05-07-2024 13:58,PIN Change,20000,55,Urban,Friday,400401,No,Active
TXN01346,ATM_KOL_014,Kolkata,09-04-2024 10:51,PIN Change,10000,0,Rural,Tuesday,56840,Yes,Active
TXN01347,ATM_HYD_010,Hyderabad,08-05-2024 06:09,Cash Deposit,10000,0,Semi-Urban,Wednesday,415468,No,Active
TXN01348,ATM_DEL_010,Delhi,09-08-2024 04:35,Mini Statement,20000,96,Urban,Friday,99224,Yes,Down
TXN01349,ATM_DEL_012,Delhi,11-08-2024 20:31,Fund Transfer,10000,96,Rural,Sunday,94013,Yes,Active
TXN01350,ATM_BAN_004,Bangalore,22-01-2024 22:33,Fund Transfer,1000,0,Rural,Monday,495759,No,Down
TXN01351,ATM_HYD_005,Hyderabad,13-02-2025 17:46,PIN Change,20000,0,Rural,Thursday,258985,No,Active
TXN01352,ATM_BAN_008,Bangalore,03-03-2025 22:39,Balance Inquiry,500,0,Urban,Monday,200731,No,Active
TXN01353,ATM_PUN_002,Pune,13-10-2024 04:53,Fund Transfer,15000,0,Semi-Urban,Sunday,430216,No,Active
TXN01354,ATM_PUN_004,Pune,09-03-2025 03:20,Cash Deposit,5000,0,Semi-Urban,Sunday,145566,No,Active
TXN01355,ATM_DEL_001,Delhi,10-01-2025 17:27,Cash Withdrawal,10000,0,Rural,Friday,202255,No,Active
TXN01356,ATM_MUM_004,Mumbai,23-01-2024 18:13,Cash Deposit,1000,0,Rural,Tuesday,184125,No,Down
TXN01357,ATM_DEL_001,Delhi,26-04-2024 08:11,Fund Transfer,5000,0,Rural,Friday,487068,No,Active
TXN01358,ATM_HYD_014,Hyderabad,22-10-2024 16:37,Cash Deposit,5000,0,Rural,Tuesday,241356,No,Down
TXN01359,ATM_MUM_014,Mumbai,27-02-2024 08:57,Fund Transfer,500,0,Urban,Tuesday,288872,No,Active
TXN01360,ATM_CHE_005,Chennai,23-07-2024 05:43,Balance Inquiry,1000,51,Semi-Urban,Tuesday,288302,No,Down
TXN01361,ATM_BAN_013,Bangalore,16-01-2024 23:46,Cash Withdrawal,10000,0,Urban,Tuesday,274908,No,Active
TXN01362,ATM_MUM_003,Mumbai,05-09-2024 10:44,PIN Change,15000,0,Rural,Thursday,328006,No,Down
TXN01363,ATM_DEL_004,Delhi,13-12-2024 01:55,Fund Transfer,2000,0,Rural,Friday,423369,No,Active
TXN01364,ATM_DEL_004,Delhi,24-11-2024 23:18,Fund Transfer,20000,96,Urban,Sunday,146012,No,Down
TXN01365,ATM_CHE_009,Chennai,14-04-2024 20:50,Fund Transfer,1000,55,Rural,Sunday,73983,Yes,Active
TXN01366,ATM_BAN_011,Bangalore,27-02-2025 18:57,Mini Statement,15000,0,Urban,Thursday,77780,Yes,Down
TXN01367,ATM_HYD_004,Hyderabad,20-11-2024 08:43,Balance Inquiry,500,0,Semi-Urban,Wednesday,239233,No,Active
TXN01368,ATM_KOL_013,Kolkata,14-05-2025 19:14,Cash Withdrawal,15000,0,Urban,Wednesday,190331,No,Down
TXN01369,ATM_PUN_008,Pune,20-03-2024 13:23,Mini Statement,15000,0,Rural,Wednesday,410709,No,Active
TXN01370,ATM_DEL_015,Delhi,27-01-2025 03:28,Cash Deposit,10000,0,Urban,Monday,91349,Yes,Active
TXN01371,ATM_BAN_012,Bangalore,26-04-2024 13:31,Cash Withdrawal,15000,0,Urban,Friday,384542,No,Down
TXN01372,ATM_PUN_004,Pune,09-04-2025 14:06,Cash Deposit,1000,0,Rural,Wednesday,197090,No,Active
TXN01373,ATM_HYD_007,Hyderabad,07-02-2025 15:50,PIN Change,10000,0,Semi-Urban,Friday,373269,No,Active
TXN01374,ATM_DEL_007,Delhi,23-12-2024 08:28,PIN Change,10000,0,Semi-Urban,Monday,382854,No,Active
TXN01375,ATM_MUM_012,Mumbai,24-03-2024 10:44,Balance Inquiry,20000,0,Urban,Sunday,356372,No,Active
TXN01376,ATM_DEL_010,Delhi,27-05-2024 03:55,Fund Transfer,500,0,Semi-Urban,Monday,405312,No,Down
TXN01377,ATM_PUN_007,Pune,13-04-2025 13:58,Cash Withdrawal,2000,0,Urban,Sunday,245000,No,Active
TXN01378,ATM_DEL_011,Delhi,15-05-2025 08:20,PIN Change,15000,0,Semi-Urban,Thursday,57714,Yes,Active
TXN01379,ATM_DEL_008,Delhi,29-12-2024 09:56,Balance Inquiry,1000,0,Urban,Sunday,422684,No,Active
TXN01380,ATM_KOL_007,Kolkata,16-05-2024 07:59,Cash Deposit,2000,55,Urban,Thursday,127696,No,Active
TXN01381,ATM_MUM_005,Mumbai,19-07-2024 11:23,Fund Transfer,5000,0,Urban,Friday,386375,No,Active
TXN01382,ATM_KOL_005,Kolkata,14-12-2024 12:37,PIN Change,15000,0,Semi-Urban,Saturday,119821,No,Active
TXN01383,ATM_HYD_015,Hyderabad,30-01-2025 10:28,Mini Statement,2000,0,Rural,Thursday,291714,No,Active
TXN01384,ATM_MUM_008,Mumbai,11-04-2024 11:35,Balance Inquiry,10000,0,Rural,Thursday,172328,No,Active
TXN01385,ATM_BAN_005,Bangalore,10-03-2025 12:00,PIN Change,20000,0,Urban,Monday,63158,Yes,Active
TXN01386,ATM_MUM_014,Mumbai,21-04-2025 18:16,Fund Transfer,500,0,Urban,Monday,469472,No,Active
TXN01387,ATM_CHE_008,Chennai,30-03-2024 21:58,Mini Statement,10000,0,Rural,Saturday,200898,No,Active
TXN01388,ATM_MUM_004,Mumbai,20-05-2024 22:07,Balance Inquiry,2000,51,Semi-Urban,Monday,186063,No,Active
TXN01389,ATM_MUM_006,Mumbai,23-11-2024 05:36,Cash Withdrawal,20000,0,Semi-Urban,Saturday,313504,No,Active
TXN01390,ATM_PUN_008,Pune,23-06-2024 09:02,Balance Inquiry,5000,0,Urban,Sunday,265820,No,Down
TXN01391,ATM_BAN_013,Bangalore,25-07-2024 18:59,Cash Withdrawal,10000,0,Urban,Thursday,54163,Yes,Active
TXN01392,ATM_PUN_013,Pune,03-03-2025 17:07,Cash Withdrawal,20000,0,Urban,Monday,127107,No,Active
TXN01393,ATM_KOL_005,Kolkata,09-06-2024 06:56,Balance Inquiry,500,0,Urban,Sunday,472871,No,Active
TXN01394,ATM_PUN_014,Pune,19-06-2024 03:23,Balance Inquiry,15000,0,Urban,Wednesday,203050,No,Active
TXN01395,ATM_BAN_014,Bangalore,13-01-2024 22:29,Cash Withdrawal,1000,0,Semi-Urban,Saturday,337094,No,Down
TXN01396,ATM_MUM_015,Mumbai,28-07-2024 23:00,Balance Inquiry,10000,55,Semi-Urban,Sunday,207823,No,Active
TXN01397,ATM_DEL_012,Delhi,17-04-2025 13:05,Fund Transfer,2000,0,Urban,Thursday,215237,No,Active
TXN01398,ATM_MUM_004,Mumbai,09-07-2024 04:09,Fund Transfer,10000,0,Rural,Tuesday,387959,No,Active
TXN01399,ATM_PUN_005,Pune,04-08-2024 18:04,Cash Deposit,1000,0,Rural,Sunday,157696,No,Down
TXN01400,ATM_HYD_002,Hyderabad,10-02-2024 15:46,Cash Withdrawal,20000,0,Rural,Saturday,298650,No,Active
TXN01401,ATM_MUM_006,Mumbai,17-06-2024 20:05,Cash Withdrawal,5000,0,Semi-Urban,Monday,146970,No,Active
TXN01402,ATM_MUM_008,Mumbai,18-05-2024 08:36,PIN Change,500,0,Semi-Urban,Saturday,478287,No,Active
TXN01403,ATM_HYD_012,Hyderabad,31-08-2024 23:35,Balance Inquiry,10000,0,Semi-Urban,Saturday,484928,No,Active
TXN01404,ATM_BAN_008,Bangalore,20-12-2024 03:47,Cash Withdrawal,15000,0,Rural,Friday,400713,No,Active
TXN01405,ATM_KOL_009,Kolkata,30-10-2024 17:47,Balance Inquiry,15000,0,Urban,Wednesday,270705,No,Active
TXN01406,ATM_BAN_010,Bangalore,07-02-2024 05:17,Balance Inquiry,500,0,Urban,Wednesday,154218,No,Active
TXN01407,ATM_DEL_009,Delhi,07-05-2024 03:51,Cash Deposit,5000,0,Urban,Tuesday,299891,No,Active
TXN01408,ATM_PUN_012,Pune,11-03-2024 05:24,Cash Withdrawal,2000,0,Urban,Monday,259538,No,Active
TXN01409,ATM_PUN_005,Pune,13-02-2024 02:43,Cash Withdrawal,1000,51,Urban,Tuesday,453744,No,Down
TXN01410,ATM_BAN_005,Bangalore,03-08-2024 19:04,Cash Withdrawal,500,51,Rural,Saturday,233865,No,Active
TXN01411,ATM_BAN_013,Bangalore,01-01-2025 05:56,Balance Inquiry,10000,0,Urban,Wednesday,179226,No,Active
TXN01412,ATM_MUM_009,Mumbai,14-11-2024 14:59,Fund Transfer,5000,55,Rural,Thursday,198713,No,Active
TXN01413,ATM_KOL_008,Kolkata,17-01-2024 19:42,Cash Deposit,5000,0,Urban,Wednesday,445421,No,Active
TXN01414,ATM_KOL_011,Kolkata,24-11-2024 15:26,PIN Change,5000,0,Semi-Urban,Sunday,233147,No,Active
TXN01415,ATM_PUN_015,Pune,12-02-2024 16:34,Cash Withdrawal,5000,0,Rural,Monday,256351,No,Down
TXN01416,ATM_DEL_004,Delhi,14-03-2024 15:17,Mini Statement,1000,0,Urban,Thursday,405902,No,Active
TXN01417,ATM_MUM_003,Mumbai,24-04-2025 07:23,Fund Transfer,20000,0,Rural,Thursday,317828,No,Active
TXN01418,ATM_DEL_003,Delhi,28-02-2025 04:52,Cash Withdrawal,20000,0,Semi-Urban,Friday,86237,Yes,Active
TXN01419,ATM_BAN_004,Bangalore,26-11-2024 04:05,PIN Change,500,0,Semi-Urban,Tuesday,122832,No,Active
TXN01420,ATM_HYD_012,Hyderabad,30-10-2024 05:36,Mini Statement,5000,0,Urban,Wednesday,444218,No,Active
TXN01421,ATM_DEL_007,Delhi,10-04-2024 17:40,Balance Inquiry,5000,0,Semi-Urban,Wednesday,290789,No,Active
TXN01422,ATM_MUM_002,Mumbai,04-01-2025 03:43,Cash Deposit,5000,0,Rural,Saturday,351640,No,Active
TXN01423,ATM_BAN_006,Bangalore,29-12-2024 22:48,Mini Statement,2000,55,Semi-Urban,Sunday,181388,No,Active
TXN01424,ATM_KOL_003,Kolkata,24-08-2024 22:29,Mini Statement,15000,0,Urban,Saturday,403560,No,Active
TXN01425,ATM_BAN_013,Bangalore,04-01-2024 03:40,PIN Change,5000,0,Urban,Thursday,331919,No,Down
TXN01426,ATM_HYD_012,Hyderabad,17-07-2024 09:19,Fund Transfer,5000,0,Urban,Wednesday,423989,No,Down
TXN01427,ATM_HYD_012,Hyderabad,26-11-2024 02:34,Cash Withdrawal,15000,55,Semi-Urban,Tuesday,494045,No,Active
TXN01428,ATM_MUM_002,Mumbai,21-01-2024 16:25,PIN Change,500,0,Urban,Sunday,360228,No,Active
TXN01429,ATM_KOL_001,Kolkata,07-10-2024 05:49,Cash Deposit,10000,51,Rural,Monday,411179,No,Active
TXN01430,ATM_MUM_002,Mumbai,09-02-2024 07:57,Balance Inquiry,10000,0,Semi-Urban,Friday,371601,No,Down
TXN01431,ATM_BAN_002,Bangalore,22-01-2024 12:04,Mini Statement,20000,0,Semi-Urban,Monday,211064,No,Down
TXN01432,ATM_HYD_005,Hyderabad,08-04-2024 18:28,Fund Transfer,1000,0,Semi-Urban,Monday,478274,No,Active
TXN01433,ATM_BAN_013,Bangalore,13-02-2025 22:44,PIN Change,500,0,Semi-Urban,Thursday,371343,No,Active
TXN01434,ATM_KOL_007,Kolkata,19-01-2025 22:32,Cash Deposit,5000,0,Urban,Sunday,430542,No,Active
TXN01435,ATM_KOL_011,Kolkata,12-09-2024 21:15,Cash Deposit,5000,0,Semi-Urban,Thursday,349275,No,Down
TXN01436,ATM_DEL_006,Delhi,14-05-2025 08:27,Cash Withdrawal,20000,0,Urban,Wednesday,81822,Yes,Down
TXN01437,ATM_KOL_011,Kolkata,10-02-2024 22:17,Balance Inquiry,2000,0,Rural,Saturday,249731,No,Active
TXN01438,ATM_CHE_008,Chennai,14-01-2024 20:11,PIN Change,2000,0,Semi-Urban,Sunday,346013,No,Active
TXN01439,ATM_PUN_005,Pune,24-10-2024 06:03,Fund Transfer,15000,0,Rural,Thursday,369120,No,Active
TXN01440,ATM_BAN_002,Bangalore,03-09-2024 19:32,Cash Withdrawal,500,0,Urban,Tuesday,220040,No,Active
TXN01441,ATM_KOL_001,Kolkata,06-03-2025 11:12,PIN Change,2000,0,Urban,Thursday,248563,No,Active
TXN01442,ATM_HYD_011,Hyderabad,25-01-2025 13:17,Cash Withdrawal,5000,0,Rural,Saturday,122205,No,Active
TXN01443,ATM_DEL_013,Delhi,05-01-2025 19:53,Cash Withdrawal,5000,0,Urban,Sunday,110718,No,Down
TXN01444,ATM_CHE_001,Chennai,05-02-2025 06:53,Cash Withdrawal,5000,55,Semi-Urban,Wednesday,114122,No,Active
TXN01445,ATM_BAN_009,Bangalore,02-03-2024 12:39,Fund Transfer,2000,55,Urban,Saturday,390816,No,Active
TXN01446,ATM_DEL_008,Delhi,18-06-2024 16:30,Fund Transfer,10000,0,Semi-Urban,Tuesday,57464,Yes,Active
TXN01447,ATM_BAN_010,Bangalore,01-09-2024 09:53,Cash Withdrawal,5000,0,Urban,Sunday,341689,No,Active
TXN01448,ATM_BAN_010,Bangalore,16-02-2024 14:06,Cash Deposit,1000,0,Rural,Friday,469502,No,Active
TXN01449,ATM_MUM_004,Mumbai,18-03-2025 14:10,Mini Statement,20000,51,Rural,Tuesday,214243,No,Active
TXN01450,ATM_MUM_003,Mumbai,18-03-2024 20:49,Cash Deposit,20000,0,Rural,Monday,257998,No,Down
TXN01451,ATM_PUN_013,Pune,18-01-2025 05:05,Cash Deposit,10000,0,Urban,Saturday,495149,No,Down
TXN01452,ATM_HYD_001,Hyderabad,04-02-2025 21:22,PIN Change,5000,0,Semi-Urban,Tuesday,392370,No,Active
TXN01453,ATM_PUN_007,Pune,25-12-2024 18:33,Fund Transfer,500,0,Rural,Wednesday,470234,No,Active
TXN01454,ATM_HYD_015,Hyderabad,02-09-2024 19:57,Fund Transfer,500,0,Urban,Monday,214612,No,Active
TXN01455,ATM_HYD_002,Hyderabad,23-10-2024 15:41,Mini Statement,1000,0,Semi-Urban,Wednesday,337532,No,Down
TXN01456,ATM_KOL_001,Kolkata,01-01-2025 05:23,PIN Change,500,96,Semi-Urban,Wednesday,106882,No,Active
TXN01457,ATM_PUN_003,Pune,16-02-2025 17:52,Fund Transfer,15000,0,Urban,Sunday,445517,No,Active
TXN01458,ATM_KOL_012,Kolkata,22-11-2024 17:39,Balance Inquiry,5000,0,Urban,Friday,158363,No,Active
TXN01459,ATM_DEL_010,Delhi,09-09-2024 08:21,Mini Statement,20000,0,Rural,Monday,487779,No,Active
TXN01460,ATM_HYD_009,Hyderabad,01-07-2024 01:47,Balance Inquiry,1000,0,Semi-Urban,Monday,373602,No,Down
TXN01461,ATM_MUM_007,Mumbai,28-04-2024 15:56,Cash Withdrawal,1000,0,Urban,Sunday,175993,No,Active
TXN01462,ATM_PUN_010,Pune,28-04-2025 12:47,PIN Change,500,0,Urban,Monday,475552,No,Active
TXN01463,ATM_DEL_015,Delhi,26-01-2025 18:26,PIN Change,1000,0,Urban,Sunday,412883,No,Down
TXN01464,ATM_CHE_008,Chennai,01-10-2024 03:41,Cash Deposit,10000,0,Urban,Tuesday,366988,No,Active
TXN01465,ATM_DEL_008,Delhi,15-04-2024 15:43,Cash Withdrawal,2000,0,Urban,Monday,150327,No,Active
TXN01466,ATM_HYD_004,Hyderabad,14-05-2024 06:29,Balance Inquiry,20000,0,Urban,Tuesday,224813,No,Down
TXN01467,ATM_KOL_011,Kolkata,16-06-2024 23:16,Cash Deposit,2000,0,Rural,Sunday,194270,No,Active
TXN01468,ATM_MUM_006,Mumbai,24-04-2025 01:38,Cash Withdrawal,2000,0,Semi-Urban,Thursday,280989,No,Active
TXN01469,ATM_DEL_006,Delhi,26-04-2024 12:59,PIN Change,15000,51,Semi-Urban,Friday,361393,No,Active
TXN01470,ATM_CHE_008,Chennai,16-04-2024 07:54,PIN Change,2000,0,Rural,Tuesday,431625,No,Active
TXN01471,ATM_HYD_007,Hyderabad,25-12-2024 17:58,PIN Change,500,0,Rural,Wednesday,430152,No,Active
TXN01472,ATM_KOL_011,Kolkata,03-06-2024 03:00,Cash Deposit,1000,0,Rural,Monday,155637,No,Active
TXN01473,ATM_DEL_010,Delhi,28-09-2024 09:06,Mini Statement,5000,0,Urban,Saturday,173023,No,Active
TXN01474,ATM_HYD_011,Hyderabad,05-02-2025 07:28,Mini Statement,10000,0,Rural,Wednesday,134476,No,Down
TXN01475,ATM_BAN_007,Bangalore,25-05-2024 03:23,Cash Withdrawal,1000,0,Urban,Saturday,118772,No,Active
TXN01476,ATM_HYD_001,Hyderabad,10-03-2025 07:54,Cash Withdrawal,2000,0,Urban,Monday,96227,Yes,Down
TXN01477,ATM_KOL_010,Kolkata,19-06-2024 15:32,Cash Deposit,20000,51,Rural,Wednesday,136027,No,Active
TXN01478,ATM_CHE_009,Chennai,27-04-2024 00:11,Fund Transfer,500,0,Rural,Saturday,312730,No,Active
TXN01479,ATM_KOL_005,Kolkata,05-11-2024 07:10,Cash Deposit,15000,0,Semi-Urban,Tuesday,199541,No,Active
TXN01480,ATM_PUN_002,Pune,18-01-2025 18:28,Balance Inquiry,1000,0,Semi-Urban,Saturday,316957,No,Active
TXN01481,ATM_MUM_006,Mumbai,14-02-2025 10:21,Cash Deposit,5000,0,Rural,Friday,275452,No,Active
TXN01482,ATM_CHE_014,Chennai,23-02-2024 14:42,Balance Inquiry,15000,51,Semi-Urban,Friday,314863,No,Active
TXN01483,ATM_HYD_006,Hyderabad,08-05-2025 06:11,Cash Withdrawal,5000,51,Rural,Thursday,416822,No,Down
TXN01484,ATM_MUM_001,Mumbai,30-09-2024 19:44,Cash Deposit,20000,0,Urban,Monday,382238,No,Active
TXN01485,ATM_KOL_006,Kolkata,25-06-2024 16:03,Fund Transfer,15000,0,Urban,Tuesday,463207,No,Down
TXN01486,ATM_PUN_011,Pune,04-04-2025 07:50,Mini Statement,500,51,Urban,Friday,94413,Yes,Active
TXN01487,ATM_CHE_007,Chennai,15-06-2024 02:23,Balance Inquiry,2000,0,Rural,Saturday,380774,No,Down
TXN01488,ATM_KOL_012,Kolkata,26-04-2025 21:53,Mini Statement,500,0,Rural,Saturday,141308,No,Active
TXN01489,ATM_PUN_012,Pune,07-04-2024 20:34,Cash Deposit,15000,0,Rural,Sunday,316512,No,Active
TXN01490,ATM_PUN_014,Pune,26-11-2024 19:12,Balance Inquiry,20000,0,Semi-Urban,Tuesday,173553,No,Active
TXN01491,ATM_CHE_007,Chennai,30-03-2024 20:54,Fund Transfer,10000,0,Urban,Saturday,245692,No,Active
TXN01492,ATM_MUM_015,Mumbai,20-05-2024 17:21,Balance Inquiry,15000,0,Semi-Urban,Monday,153283,No,Active
TXN01493,ATM_CHE_013,Chennai,01-05-2025 08:08,Mini Statement,5000,0,Rural,Thursday,317967,No,Active
TXN01494,ATM_CHE_008,Chennai,17-01-2024 19:01,Cash Deposit,500,0,Urban,Wednesday,116983,No,Down
TXN01495,ATM_PUN_011,Pune,23-06-2024 23:21,Balance Inquiry,5000,0,Urban,Sunday,196133,No,Active
TXN01496,ATM_PUN_006,Pune,18-01-2024 02:45,Cash Deposit,15000,0,Rural,Thursday,126068,No,Active
TXN01497,ATM_DEL_005,Delhi,04-01-2025 04:27,Cash Withdrawal,2000,0,Urban,Saturday,370691,No,Down
TXN01498,ATM_MUM_009,Mumbai,21-11-2024 03:05,Mini Statement,5000,0,Semi-Urban,Thursday,467129,No,Down
TXN01499,ATM_PUN_010,Pune,02-08-2024 19:51,PIN Change,10000,0,Semi-Urban,Friday,123376,No,Active
TXN01500,ATM_CHE_001,Chennai,13-02-2025 12:31,Mini Statement,15000,0,Rural,Thursday,489934,No,Down
TXN01501,ATM_PUN_001,Pune,24-02-2025 19:25,Cash Deposit,10000,0,Urban,Monday,282012,No,Active
TXN01502,ATM_CHE_007,Chennai,16-10-2024 10:40,Cash Withdrawal,1000,0,Urban,Wednesday,270603,No,Down
TXN01503,ATM_PUN_008,Pune,09-02-2024 22:12,Cash Withdrawal,10000,0,Urban,Friday,144316,No,Active
TXN01504,ATM_MUM_015,Mumbai,18-04-2025 14:05,Mini Statement,1000,0,Urban,Friday,155004,No,Down
TXN01505,ATM_PUN_008,Pune,08-07-2024 14:10,PIN Change,20000,0,Urban,Monday,250383,No,Active
TXN01506,ATM_KOL_011,Kolkata,22-11-2024 06:42,PIN Change,1000,0,Rural,Friday,255879,No,Down
TXN01507,ATM_MUM_013,Mumbai,08-05-2024 00:49,Cash Deposit,5000,51,Urban,Wednesday,217507,No,Active
TXN01508,ATM_PUN_003,Pune,07-12-2024 13:45,PIN Change,5000,0,Rural,Saturday,315852,No,Active
TXN01509,ATM_PUN_008,Pune,13-05-2024 10:31,PIN Change,10000,0,Semi-Urban,Monday,200955,No,Active
TXN01510,ATM_CHE_011,Chennai,17-06-2024 22:33,PIN Change,15000,0,Semi-Urban,Monday,249890,No,Active
TXN01511,ATM_HYD_013,Hyderabad,22-09-2024 00:42,PIN Change,15000,0,Urban,Sunday,181831,No,Down
TXN01512,ATM_HYD_004,Hyderabad,13-10-2024 08:05,Balance Inquiry,1000,96,Semi-Urban,Sunday,264833,No,Active
TXN01513,ATM_PUN_010,Pune,05-04-2025 08:00,Cash Withdrawal,10000,0,Rural,Saturday,69023,Yes,Active
TXN01514,ATM_HYD_012,Hyderabad,26-08-2024 21:31,Fund Transfer,15000,0,Rural,Monday,246681,No,Active
TXN01515,ATM_KOL_005,Kolkata,21-07-2024 05:09,PIN Change,500,0,Urban,Sunday,121795,No,Active
TXN01516,ATM_MUM_002,Mumbai,31-12-2024 01:31,Cash Withdrawal,10000,0,Semi-Urban,Tuesday,403816,No,Active
TXN01517,ATM_CHE_009,Chennai,22-02-2024 01:32,Balance Inquiry,2000,0,Rural,Thursday,209061,No,Active
TXN01518,ATM_CHE_001,Chennai,07-03-2024 00:29,Cash Deposit,2000,0,Rural,Thursday,117466,No,Active
TXN01519,ATM_DEL_004,Delhi,17-10-2024 01:48,Mini Statement,1000,0,Semi-Urban,Thursday,83520,Yes,Down
TXN01520,ATM_MUM_004,Mumbai,16-06-2024 02:32,Cash Withdrawal,5000,0,Urban,Sunday,80231,Yes,Active
TXN01521,ATM_BAN_004,Bangalore,18-03-2024 23:55,Mini Statement,15000,0,Semi-Urban,Monday,264430,No,Active
TXN01522,ATM_MUM_011,Mumbai,12-07-2024 16:15,Fund Transfer,2000,0,Urban,Friday,328084,No,Active
TXN01523,ATM_PUN_008,Pune,22-11-2024 11:30,Cash Deposit,500,0,Urban,Friday,75500,Yes,Active
TXN01524,ATM_MUM_010,Mumbai,11-04-2025 18:42,Balance Inquiry,2000,0,Urban,Friday,499544,No,Active
TXN01525,ATM_MUM_014,Mumbai,02-03-2025 16:50,Balance Inquiry,15000,96,Semi-Urban,Sunday,432192,No,Active
TXN01526,ATM_HYD_009,Hyderabad,01-01-2025 20:43,Balance Inquiry,10000,0,Rural,Wednesday,51181,Yes,Down
TXN01527,ATM_CHE_014,Chennai,09-01-2024 12:50,Balance Inquiry,15000,0,Rural,Tuesday,380190,No,Active
TXN01528,ATM_MUM_003,Mumbai,31-08-2024 07:35,PIN Change,1000,0,Semi-Urban,Saturday,234731,No,Down
TXN01529,ATM_CHE_002,Chennai,15-08-2024 07:53,Mini Statement,10000,0,Urban,Thursday,333822,No,Active
TXN01530,ATM_MUM_004,Mumbai,29-10-2024 09:12,Cash Deposit,500,96,Rural,Tuesday,458771,No,Active
TXN01531,ATM_HYD_002,Hyderabad,17-05-2024 03:53,Fund Transfer,1000,0,Rural,Friday,205787,No,Active
TXN01532,ATM_DEL_012,Delhi,19-03-2024 00:16,Balance Inquiry,500,0,Urban,Tuesday,230941,No,Down
TXN01533,ATM_CHE_007,Chennai,03-05-2024 03:20,Cash Withdrawal,1000,0,Semi-Urban,Friday,197848,No,Down
TXN01534,ATM_MUM_004,Mumbai,09-06-2024 13:55,Fund Transfer,20000,51,Semi-Urban,Sunday,359512,No,Active
TXN01535,ATM_CHE_014,Chennai,25-03-2025 15:01,Fund Transfer,5000,0,Urban,Tuesday,477321,No,Down
TXN01536,ATM_CHE_008,Chennai,12-08-2024 04:20,Mini Statement,500,0,Urban,Monday,426361,No,Down
TXN01537,ATM_MUM_009,Mumbai,19-05-2024 01:42,Fund Transfer,20000,0,Rural,Sunday,221736,No,Active
TXN01538,ATM_KOL_008,Kolkata,17-04-2024 17:11,Mini Statement,1000,0,Semi-Urban,Wednesday,280692,No,Active
TXN01539,ATM_PUN_005,Pune,29-06-2024 18:24,Cash Withdrawal,15000,0,Semi-Urban,Saturday,436444,No,Active
TXN01540,ATM_HYD_015,Hyderabad,22-10-2024 04:36,Balance Inquiry,20000,55,Urban,Tuesday,304042,No,Down
TXN01541,ATM_HYD_002,Hyderabad,15-04-2024 23:49,Fund Transfer,10000,0,Semi-Urban,Monday,432444,No,Active
TXN01542,ATM_CHE_008,Chennai,27-11-2024 17:16,PIN Change,500,0,Urban,Wednesday,421144,No,Active
TXN01543,ATM_HYD_010,Hyderabad,09-11-2024 10:51,PIN Change,5000,0,Semi-Urban,Saturday,62059,Yes,Active
TXN01544,ATM_HYD_007,Hyderabad,06-09-2024 10:36,Balance Inquiry,20000,0,Semi-Urban,Friday,426395,No,Active
TXN01545,ATM_BAN_006,Bangalore,01-02-2024 08:23,Cash Deposit,500,55,Semi-Urban,Thursday,144781,No,Active
TXN01546,ATM_HYD_014,Hyderabad,29-01-2025 20:15,Cash Withdrawal,15000,0,Semi-Urban,Wednesday,344783,No,Active
TXN01547,ATM_HYD_005,Hyderabad,26-11-2024 05:58,Mini Statement,20000,0,Semi-Urban,Tuesday,77485,Yes,Down
TXN01548,ATM_CHE_011,Chennai,23-03-2024 08:07,Balance Inquiry,2000,0,Urban,Saturday,440882,No,Active
TXN01549,ATM_PUN_011,Pune,30-05-2024 09:35,Balance Inquiry,1000,0,Rural,Thursday,414017,No,Down
TXN01550,ATM_KOL_009,Kolkata,31-05-2024 13:43,Cash Withdrawal,5000,0,Rural,Friday,275768,No,Active
TXN01551,ATM_DEL_007,Delhi,07-11-2024 10:09,PIN Change,20000,0,Semi-Urban,Thursday,448506,No,Active
TXN01552,ATM_CHE_005,Chennai,17-07-2024 14:33,Mini Statement,10000,0,Urban,Wednesday,52149,Yes,Active
TXN01553,ATM_BAN_008,Bangalore,09-01-2024 17:20,Cash Deposit,5000,0,Rural,Tuesday,75567,Yes,Down
TXN01554,ATM_KOL_010,Kolkata,27-01-2024 00:03,Cash Deposit,20000,0,Semi-Urban,Saturday,131187,No,Active
TXN01555,ATM_KOL_004,Kolkata,24-11-2024 02:10,Fund Transfer,5000,0,Semi-Urban,Sunday,328789,No,Active
TXN01556,ATM_CHE_014,Chennai,26-07-2024 17:07,PIN Change,2000,0,Urban,Friday,123949,No,Active
TXN01557,ATM_CHE_008,Chennai,06-08-2024 18:59,Balance Inquiry,500,0,Urban,Tuesday,459268,No,Active
TXN01558,ATM_CHE_007,Chennai,21-12-2024 12:34,Fund Transfer,5000,0,Urban,Saturday,259856,No,Active
TXN01559,ATM_DEL_012,Delhi,25-03-2024 09:14,Cash Deposit,500,0,Rural,Monday,383651,No,Down
TXN01560,ATM_BAN_003,Bangalore,20-02-2024 09:55,Balance Inquiry,10000,0,Semi-Urban,Tuesday,360430,No,Down
TXN01561,ATM_DEL_009,Delhi,03-01-2024 09:36,PIN Change,15000,0,Rural,Wednesday,307709,No,Active
TXN01562,ATM_DEL_013,Delhi,20-03-2024 12:25,Fund Transfer,10000,0,Semi-Urban,Wednesday,290186,No,Active
TXN01563,ATM_MUM_010,Mumbai,04-02-2025 23:43,PIN Change,20000,0,Rural,Tuesday,394375,No,Active
TXN01564,ATM_MUM_013,Mumbai,06-06-2024 21:46,Cash Deposit,2000,0,Semi-Urban,Thursday,435709,No,Active
TXN01565,ATM_HYD_012,Hyderabad,17-09-2024 16:36,Cash Deposit,5000,0,Rural,Tuesday,169520,No,Active
TXN01566,ATM_MUM_002,Mumbai,22-01-2024 09:53,Cash Withdrawal,2000,0,Rural,Monday,453364,No,Active
TXN01567,ATM_PUN_007,Pune,06-07-2024 16:42,Fund Transfer,500,51,Urban,Saturday,472610,No,Active
TXN01568,ATM_PUN_008,Pune,29-06-2024 19:01,Cash Deposit,5000,0,Semi-Urban,Saturday,71451,Yes,Active
TXN01569,ATM_HYD_009,Hyderabad,03-07-2024 09:23,Fund Transfer,500,0,Rural,Wednesday,163715,No,Active
TXN01570,ATM_PUN_011,Pune,03-09-2024 03:38,Cash Deposit,2000,0,Urban,Tuesday,143879,No,Active
TXN01571,ATM_BAN_001,Bangalore,20-07-2024 03:42,Mini Statement,2000,51,Semi-Urban,Saturday,184879,No,Active
TXN01572,ATM_MUM_011,Mumbai,24-10-2024 18:37,Cash Withdrawal,20000,0,Semi-Urban,Thursday,287116,No,Active
TXN01573,ATM_KOL_010,Kolkata,01-11-2024 18:31,Cash Deposit,5000,0,Rural,Friday,326235,No,Active
TXN01574,ATM_DEL_011,Delhi,17-10-2024 20:15,Mini Statement,10000,0,Semi-Urban,Thursday,329054,No,Down
TXN01575,ATM_BAN_007,Bangalore,08-09-2024 22:27,PIN Change,15000,0,Urban,Sunday,277141,No,Active
TXN01576,ATM_PUN_003,Pune,17-01-2025 00:00,Cash Withdrawal,10000,0,Urban,Friday,410873,No,Active
TXN01577,ATM_BAN_009,Bangalore,18-06-2024 09:45,Cash Deposit,10000,0,Rural,Tuesday,445715,No,Active
TXN01578,ATM_PUN_004,Pune,06-10-2024 06:16,Mini Statement,5000,0,Rural,Sunday,319742,No,Active
TXN01579,ATM_PUN_009,Pune,24-02-2025 03:52,Cash Deposit,15000,0,Rural,Monday,277045,No,Active
TXN01580,ATM_HYD_007,Hyderabad,27-06-2024 16:04,Cash Withdrawal,10000,96,Semi-Urban,Thursday,378021,No,Down
TXN01581,ATM_CHE_006,Chennai,15-03-2024 10:20,Mini Statement,15000,0,Semi-Urban,Friday,424868,No,Down
TXN01582,ATM_CHE_001,Chennai,20-10-2024 23:43,PIN Change,2000,96,Urban,Sunday,428012,No,Active
TXN01583,ATM_KOL_008,Kolkata,26-03-2024 03:19,PIN Change,2000,96,Urban,Tuesday,177631,No,Active
TXN01584,ATM_HYD_004,Hyderabad,10-10-2024 21:17,Mini Statement,15000,0,Semi-Urban,Thursday,288951,No,Active
TXN01585,ATM_CHE_004,Chennai,25-10-2024 21:48,Balance Inquiry,20000,0,Urban,Friday,208340,No,Down
TXN01586,ATM_HYD_010,Hyderabad,30-03-2024 06:25,Mini Statement,500,0,Rural,Saturday,379921,No,Active
TXN01587,ATM_CHE_011,Chennai,26-07-2024 01:13,Balance Inquiry,15000,0,Semi-Urban,Friday,84809,Yes,Active
TXN01588,ATM_PUN_002,Pune,10-10-2024 05:18,PIN Change,2000,96,Semi-Urban,Thursday,418609,No,Down
TXN01589,ATM_HYD_005,Hyderabad,11-03-2024 04:23,Balance Inquiry,10000,0,Semi-Urban,Monday,416904,No,Active
TXN01590,ATM_MUM_007,Mumbai,13-03-2024 14:08,Cash Deposit,2000,0,Rural,Wednesday,175638,No,Active
TXN01591,ATM_DEL_008,Delhi,01-01-2024 04:16,Fund Transfer,20000,0,Rural,Monday,234017,No,Active
TXN01592,ATM_BAN_012,Bangalore,01-03-2025 07:03,Fund Transfer,10000,0,Rural,Saturday,405550,No,Active
TXN01593,ATM_MUM_004,Mumbai,22-01-2024 20:58,PIN Change,500,0,Semi-Urban,Monday,219276,No,Active
TXN01594,ATM_MUM_007,Mumbai,27-08-2024 14:25,Cash Withdrawal,15000,0,Semi-Urban,Tuesday,80649,Yes,Active
TXN01595,ATM_MUM_006,Mumbai,19-12-2024 00:28,PIN Change,20000,51,Rural,Thursday,459614,No,Active
TXN01596,ATM_MUM_001,Mumbai,08-03-2025 05:24,Cash Deposit,15000,0,Semi-Urban,Saturday,264081,No,Active
TXN01597,ATM_CHE_010,Chennai,05-03-2024 05:35,Cash Deposit,20000,0,Rural,Tuesday,356433,No,Active
TXN01598,ATM_HYD_003,Hyderabad,02-10-2024 01:13,Cash Deposit,500,0,Urban,Wednesday,291218,No,Active
TXN01599,ATM_PUN_005,Pune,01-12-2024 08:42,Cash Deposit,15000,0,Rural,Sunday,249491,No,Down
TXN01600,ATM_DEL_004,Delhi,24-12-2024 12:27,Cash Deposit,2000,0,Rural,Tuesday,354764,No,Down
TXN01601,ATM_PUN_002,Pune,25-12-2024 06:46,Cash Deposit,1000,55,Urban,Wednesday,349495,No,Down
TXN01602,ATM_DEL_014,Delhi,06-11-2024 10:53,Mini Statement,2000,0,Rural,Wednesday,175693,No,Active
TXN01603,ATM_DEL_002,Delhi,09-12-2024 10:17,PIN Change,2000,0,Urban,Monday,483168,No,Active
TXN01604,ATM_BAN_004,Bangalore,07-03-2024 02:08,Cash Deposit,2000,96,Urban,Thursday,367537,No,Active
TXN01605,ATM_MUM_002,Mumbai,11-11-2024 23:11,Balance Inquiry,1000,0,Urban,Monday,336816,No,Down
TXN01606,ATM_CHE_015,Chennai,21-03-2025 00:20,Cash Withdrawal,2000,0,Urban,Friday,438966,No,Active
TXN01607,ATM_CHE_011,Chennai,28-05-2024 00:42,Mini Statement,10000,0,Urban,Tuesday,399303,No,Down
TXN01608,ATM_MUM_014,Mumbai,18-08-2024 23:54,Fund Transfer,15000,51,Rural,Sunday,325057,No,Active
TXN01609,ATM_KOL_011,Kolkata,14-09-2024 17:39,Cash Withdrawal,500,0,Semi-Urban,Saturday,463249,No,Active
TXN01610,ATM_BAN_007,Bangalore,19-11-2024 07:19,Cash Deposit,5000,96,Semi-Urban,Tuesday,100913,No,Down
TXN01611,ATM_BAN_012,Bangalore,14-11-2024 15:18,Cash Deposit,1000,0,Rural,Thursday,440064,No,Active
TXN01612,ATM_DEL_014,Delhi,19-06-2024 13:41,Fund Transfer,1000,0,Semi-Urban,Wednesday,220567,No,Active
TXN01613,ATM_KOL_006,Kolkata,13-01-2025 09:51,Cash Withdrawal,500,0,Rural,Monday,308229,No,Down
TXN01614,ATM_MUM_006,Mumbai,09-12-2024 07:12,Cash Withdrawal,20000,0,Semi-Urban,Monday,455660,No,Active
TXN01615,ATM_DEL_004,Delhi,27-12-2024 03:27,Cash Deposit,15000,0,Semi-Urban,Friday,158978,No,Active
TXN01616,ATM_CHE_014,Chennai,23-07-2024 03:25,Fund Transfer,2000,0,Urban,Tuesday,190737,No,Active
TXN01617,ATM_KOL_010,Kolkata,30-04-2025 01:17,Fund Transfer,500,0,Urban,Wednesday,187423,No,Active
TXN01618,ATM_MUM_010,Mumbai,25-09-2024 16:31,Mini Statement,10000,0,Rural,Wednesday,265252,No,Active
TXN01619,ATM_DEL_009,Delhi,05-08-2024 19:54,Balance Inquiry,2000,0,Urban,Monday,368215,No,Active
TXN01620,ATM_HYD_008,Hyderabad,11-02-2024 16:38,Mini Statement,2000,0,Semi-Urban,Sunday,429737,No,Active
TXN01621,ATM_KOL_006,Kolkata,08-01-2025 13:02,Fund Transfer,2000,0,Urban,Wednesday,305759,No,Active
TXN01622,ATM_HYD_005,Hyderabad,03-02-2024 19:19,Fund Transfer,2000,0,Rural,Saturday,255084,No,Active
TXN01623,ATM_MUM_009,Mumbai,01-04-2024 09:39,Cash Withdrawal,15000,0,Urban,Monday,440324,No,Active
TXN01624,ATM_BAN_010,Bangalore,09-01-2025 11:05,Fund Transfer,1000,0,Semi-Urban,Thursday,240620,No,Active
TXN01625,ATM_HYD_012,Hyderabad,23-03-2024 06:48,PIN Change,5000,51,Rural,Saturday,271377,No,Down
TXN01626,ATM_CHE_015,Chennai,29-11-2024 01:35,PIN Change,500,0,Semi-Urban,Friday,167638,No,Active
TXN01627,ATM_CHE_007,Chennai,03-11-2024 02:19,Mini Statement,20000,0,Rural,Sunday,197067,No,Active
TXN01628,ATM_KOL_008,Kolkata,04-02-2024 02:51,Cash Withdrawal,500,0,Rural,Sunday,398539,No,Down
TXN01629,ATM_MUM_003,Mumbai,27-03-2025 20:43,Fund Transfer,10000,0,Rural,Thursday,211554,No,Active
TXN01630,ATM_BAN_008,Bangalore,29-04-2024 05:41,PIN Change,15000,0,Rural,Monday,183046,No,Active
TXN01631,ATM_KOL_008,Kolkata,08-05-2024 13:26,Balance Inquiry,10000,0,Rural,Wednesday,399716,No,Active
TXN01632,ATM_DEL_006,Delhi,12-04-2024 21:22,PIN Change,1000,96,Semi-Urban,Friday,344781,No,Active
TXN01633,ATM_HYD_004,Hyderabad,26-01-2025 06:10,Mini Statement,5000,0,Semi-Urban,Sunday,390971,No,Active
TXN01634,ATM_KOL_013,Kolkata,22-08-2024 00:16,Balance Inquiry,5000,0,Rural,Thursday,395715,No,Down
TXN01635,ATM_PUN_015,Pune,10-05-2024 07:06,Mini Statement,5000,0,Semi-Urban,Friday,408185,No,Active
TXN01636,ATM_MUM_004,Mumbai,10-05-2024 18:30,Balance Inquiry,5000,0,Semi-Urban,Friday,181488,No,Active
TXN01637,ATM_MUM_002,Mumbai,22-01-2025 10:59,Cash Withdrawal,1000,0,Semi-Urban,Wednesday,470592,No,Down
TXN01638,ATM_HYD_001,Hyderabad,11-03-2025 13:58,Cash Deposit,15000,0,Urban,Tuesday,434385,No,Active
TXN01639,ATM_CHE_010,Chennai,29-12-2024 18:27,PIN Change,2000,0,Urban,Sunday,186408,No,Active
TXN01640,ATM_BAN_005,Bangalore,15-04-2024 10:09,Mini Statement,500,0,Semi-Urban,Monday,472557,No,Active
TXN01641,ATM_PUN_011,Pune,03-10-2024 18:04,Cash Deposit,2000,0,Urban,Thursday,265167,No,Active
TXN01642,ATM_CHE_001,Chennai,30-09-2024 22:21,Balance Inquiry,2000,0,Urban,Monday,301275,No,Active
TXN01643,ATM_HYD_002,Hyderabad,17-02-2024 11:02,Balance Inquiry,500,0,Urban,Saturday,145086,No,Down
TXN01644,ATM_DEL_004,Delhi,03-12-2024 01:17,Cash Withdrawal,15000,0,Semi-Urban,Tuesday,92969,Yes,Active
TXN01645,ATM_BAN_008,Bangalore,15-01-2024 07:12,Fund Transfer,15000,0,Rural,Monday,440358,No,Active
TXN01646,ATM_DEL_001,Delhi,11-04-2025 05:55,Fund Transfer,1000,0,Semi-Urban,Friday,492893,No,Active
TXN01647,ATM_MUM_006,Mumbai,30-07-2024 05:01,Fund Transfer,15000,0,Urban,Tuesday,136443,No,Down
TXN01648,ATM_HYD_004,Hyderabad,03-03-2024 02:02,Cash Withdrawal,5000,0,Rural,Sunday,348022,No,Down
TXN01649,ATM_KOL_010,Kolkata,22-12-2024 20:57,Balance Inquiry,15000,0,Rural,Sunday,411711,No,Down
TXN01650,ATM_PUN_008,Pune,09-11-2024 16:54,PIN Change,1000,0,Urban,Saturday,77714,Yes,Active
TXN01651,ATM_DEL_007,Delhi,15-08-2024 20:07,PIN Change,1000,0,Rural,Thursday,371402,No,Active
TXN01652,ATM_BAN_011,Bangalore,09-09-2024 20:35,Balance Inquiry,15000,0,Semi-Urban,Monday,219376,No,Down
TXN01653,ATM_CHE_005,Chennai,25-04-2024 09:42,Cash Withdrawal,500,0,Urban,Thursday,147999,No,Active
TXN01654,ATM_CHE_009,Chennai,04-10-2024 20:40,PIN Change,20000,0,Semi-Urban,Friday,430275,No,Active
TXN01655,ATM_DEL_014,Delhi,25-10-2024 17:33,Cash Withdrawal,10000,0,Semi-Urban,Friday,412661,No,Active
TXN01656,ATM_KOL_002,Kolkata,03-05-2025 13:41,Cash Withdrawal,1000,0,Rural,Saturday,408642,No,Active
TXN01657,ATM_PUN_012,Pune,26-02-2024 11:52,PIN Change,500,0,Rural,Monday,482745,No,Down
TXN01658,ATM_MUM_015,Mumbai,05-04-2024 23:02,Balance Inquiry,1000,0,Semi-Urban,Friday,186467,No,Down
TXN01659,ATM_DEL_003,Delhi,24-09-2024 05:27,Cash Withdrawal,5000,0,Rural,Tuesday,337344,No,Active
TXN01660,ATM_MUM_006,Mumbai,04-12-2024 15:00,Mini Statement,10000,51,Urban,Wednesday,213508,No,Active
TXN01661,ATM_MUM_013,Mumbai,13-04-2024 16:52,Fund Transfer,2000,0,Urban,Saturday,264042,No,Down
TXN01662,ATM_DEL_002,Delhi,07-05-2024 18:14,Mini Statement,500,0,Urban,Tuesday,176976,No,Active
TXN01663,ATM_DEL_006,Delhi,18-02-2025 15:02,Fund Transfer,500,0,Semi-Urban,Tuesday,328669,No,Active
TXN01664,ATM_MUM_001,Mumbai,23-01-2025 03:15,Fund Transfer,20000,0,Rural,Thursday,368081,No,Active
TXN01665,ATM_HYD_013,Hyderabad,24-08-2024 11:17,Mini Statement,10000,0,Urban,Saturday,381198,No,Active
TXN01666,ATM_MUM_009,Mumbai,07-09-2024 08:08,Cash Deposit,2000,0,Semi-Urban,Saturday,414025,No,Active
TXN01667,ATM_PUN_006,Pune,04-09-2024 21:32,PIN Change,1000,0,Rural,Wednesday,353051,No,Active
TXN01668,ATM_HYD_009,Hyderabad,15-05-2024 04:09,Fund Transfer,10000,0,Urban,Wednesday,130741,No,Active
TXN01669,ATM_DEL_011,Delhi,22-05-2024 09:51,Cash Deposit,5000,0,Semi-Urban,Wednesday,356601,No,Active
TXN01670,ATM_CHE_005,Chennai,04-09-2024 04:49,Balance Inquiry,5000,0,Semi-Urban,Wednesday,445859,No,Active
TXN01671,ATM_KOL_011,Kolkata,25-05-2024 11:26,Mini Statement,20000,0,Urban,Saturday,314376,No,Down
TXN01672,ATM_KOL_007,Kolkata,08-07-2024 18:45,Mini Statement,15000,0,Semi-Urban,Monday,239703,No,Active
TXN01673,ATM_PUN_002,Pune,10-02-2024 11:00,Cash Deposit,10000,0,Semi-Urban,Saturday,343968,No,Active
TXN01674,ATM_MUM_006,Mumbai,30-01-2024 19:06,Cash Deposit,15000,0,Rural,Tuesday,362440,No,Down
TXN01675,ATM_CHE_006,Chennai,15-01-2024 20:20,Mini Statement,5000,0,Urban,Monday,411145,No,Down
TXN01676,ATM_HYD_003,Hyderabad,11-04-2024 15:22,Cash Withdrawal,1000,0,Urban,Thursday,137626,No,Down
TXN01677,ATM_CHE_004,Chennai,24-01-2025 21:58,Fund Transfer,500,0,Semi-Urban,Friday,65640,Yes,Active
TXN01678,ATM_PUN_001,Pune,10-02-2024 17:26,Cash Deposit,2000,0,Rural,Saturday,275071,No,Down
TXN01679,ATM_KOL_004,Kolkata,29-04-2024 01:00,Balance Inquiry,500,55,Semi-Urban,Monday,163443,No,Active
TXN01680,ATM_DEL_014,Delhi,29-04-2024 13:35,PIN Change,1000,0,Rural,Monday,389959,No,Active
TXN01681,ATM_CHE_009,Chennai,05-02-2025 19:47,Mini Statement,2000,0,Rural,Wednesday,429373,No,Active
TXN01682,ATM_BAN_011,Bangalore,04-10-2024 23:49,Fund Transfer,15000,0,Urban,Friday,107204,No,Down
TXN01683,ATM_KOL_013,Kolkata,29-04-2024 03:40,Balance Inquiry,1000,0,Urban,Monday,473220,No,Down
TXN01684,ATM_CHE_003,Chennai,24-01-2025 00:03,Cash Deposit,500,0,Rural,Friday,194117,No,Active
TXN01685,ATM_HYD_001,Hyderabad,26-05-2024 12:00,PIN Change,20000,0,Urban,Sunday,479268,No,Active
TXN01686,ATM_CHE_013,Chennai,06-02-2025 03:29,Cash Deposit,10000,55,Semi-Urban,Thursday,175605,No,Active
TXN01687,ATM_HYD_009,Hyderabad,16-01-2024 13:51,Cash Deposit,10000,0,Semi-Urban,Tuesday,342528,No,Active
TXN01688,ATM_MUM_007,Mumbai,31-05-2024 10:47,Balance Inquiry,1000,0,Urban,Friday,459599,No,Active
TXN01689,ATM_MUM_004,Mumbai,04-05-2025 15:39,Cash Deposit,1000,0,Rural,Sunday,173137,No,Active
TXN01690,ATM_MUM_008,Mumbai,23-04-2024 15:52,PIN Change,20000,0,Rural,Tuesday,66170,Yes,Down
TXN01691,ATM_BAN_013,Bangalore,03-01-2025 10:55,Cash Deposit,10000,0,Semi-Urban,Friday,428553,No,Down
TXN01692,ATM_MUM_012,Mumbai,27-01-2025 06:44,Cash Withdrawal,2000,0,Urban,Monday,156373,No,Active
TXN01693,ATM_CHE_010,Chennai,06-09-2024 19:20,Balance Inquiry,500,96,Semi-Urban,Friday,82751,Yes,Active
TXN01694,ATM_KOL_012,Kolkata,04-12-2024 22:23,Mini Statement,15000,0,Urban,Wednesday,491060,No,Down
TXN01695,ATM_DEL_009,Delhi,15-03-2025 23:27,Fund Transfer,15000,51,Semi-Urban,Saturday,141667,No,Active
TXN01696,ATM_CHE_013,Chennai,05-04-2025 11:20,Fund Transfer,5000,51,Rural,Saturday,307437,No,Active
TXN01697,ATM_MUM_006,Mumbai,11-06-2024 08:28,Fund Transfer,2000,0,Rural,Tuesday,106960,No,Active
TXN01698,ATM_BAN_013,Bangalore,30-09-2024 16:01,Cash Withdrawal,500,0,Semi-Urban,Monday,269125,No,Down
TXN01699,ATM_HYD_008,Hyderabad,14-08-2024 20:25,PIN Change,10000,0,Rural,Wednesday,115006,No,Down
TXN01700,ATM_HYD_004,Hyderabad,27-02-2024 19:26,Mini Statement,1000,0,Rural,Tuesday,358248,No,Active
TXN01701,ATM_BAN_005,Bangalore,29-07-2024 15:53,Balance Inquiry,20000,0,Rural,Monday,454295,No,Active
TXN01702,ATM_CHE_002,Chennai,03-02-2025 19:07,PIN Change,1000,0,Rural,Monday,285136,No,Active
TXN01703,ATM_PUN_003,Pune,26-02-2024 04:38,Balance Inquiry,1000,0,Rural,Monday,324769,No,Active
TXN01704,ATM_PUN_015,Pune,10-05-2025 09:06,Cash Deposit,20000,0,Urban,Saturday,411784,No,Down
TXN01705,ATM_HYD_003,Hyderabad,08-01-2025 16:06,Mini Statement,500,0,Rural,Wednesday,272458,No,Active
TXN01706,ATM_MUM_013,Mumbai,12-10-2024 03:30,Mini Statement,15000,0,Urban,Saturday,332249,No,Down
TXN01707,ATM_CHE_005,Chennai,14-06-2024 09:22,Cash Deposit,20000,96,Semi-Urban,Friday,332586,No,Active
TXN01708,ATM_BAN_015,Bangalore,28-11-2024 04:52,Mini Statement,500,0,Semi-Urban,Thursday,344110,No,Active
TXN01709,ATM_MUM_006,Mumbai,03-01-2025 10:04,Mini Statement,20000,0,Urban,Friday,65547,Yes,Active
TXN01710,ATM_HYD_003,Hyderabad,09-08-2024 21:22,Cash Withdrawal,1000,0,Urban,Friday,137839,No,Active
TXN01711,ATM_MUM_014,Mumbai,03-03-2025 10:38,Cash Deposit,20000,0,Rural,Monday,277118,No,Active
TXN01712,ATM_PUN_012,Pune,04-02-2024 06:57,Fund Transfer,10000,0,Rural,Sunday,283119,No,Active
TXN01713,ATM_MUM_005,Mumbai,05-03-2024 05:03,Cash Deposit,20000,0,Semi-Urban,Tuesday,227619,No,Active
TXN01714,ATM_MUM_009,Mumbai,03-11-2024 05:14,PIN Change,10000,0,Urban,Sunday,172988,No,Active
TXN01715,ATM_MUM_003,Mumbai,19-06-2024 09:06,Balance Inquiry,500,0,Urban,Wednesday,357144,No,Active
TXN01716,ATM_DEL_014,Delhi,09-05-2024 02:12,Fund Transfer,500,0,Urban,Thursday,354529,No,Active
TXN01717,ATM_BAN_009,Bangalore,28-03-2024 22:30,Cash Withdrawal,20000,51,Urban,Thursday,240689,No,Down
TXN01718,ATM_PUN_004,Pune,11-09-2024 08:57,Mini Statement,2000,0,Rural,Wednesday,85716,Yes,Down
TXN01719,ATM_MUM_003,Mumbai,30-07-2024 01:40,Mini Statement,5000,0,Urban,Tuesday,205933,No,Active
TXN01720,ATM_BAN_005,Bangalore,02-04-2024 13:15,Fund Transfer,2000,0,Semi-Urban,Tuesday,285860,No,Down
TXN01721,ATM_CHE_013,Chennai,02-06-2024 03:11,PIN Change,15000,0,Semi-Urban,Sunday,487047,No,Active
TXN01722,ATM_BAN_013,Bangalore,21-03-2024 03:30,Mini Statement,15000,0,Rural,Thursday,131034,No,Active
TXN01723,ATM_KOL_011,Kolkata,10-08-2024 10:46,PIN Change,20000,55,Urban,Saturday,182976,No,Down
TXN01724,ATM_KOL_011,Kolkata,22-03-2024 23:21,Cash Withdrawal,10000,0,Rural,Friday,349478,No,Active
TXN01725,ATM_MUM_010,Mumbai,14-12-2024 05:52,PIN Change,500,55,Semi-Urban,Saturday,330312,No,Active
TXN01726,ATM_CHE_006,Chennai,14-09-2024 12:40,Fund Transfer,10000,0,Semi-Urban,Saturday,416001,No,Active
TXN01727,ATM_KOL_015,Kolkata,02-03-2024 00:23,Cash Deposit,1000,96,Urban,Saturday,458232,No,Active
TXN01728,ATM_HYD_012,Hyderabad,24-07-2024 07:45,PIN Change,1000,0,Semi-Urban,Wednesday,371919,No,Active
TXN01729,ATM_BAN_014,Bangalore,15-05-2025 17:24,Fund Transfer,20000,0,Urban,Thursday,216734,No,Active
TXN01730,ATM_HYD_008,Hyderabad,11-03-2025 09:40,Balance Inquiry,10000,0,Semi-Urban,Tuesday,446215,No,Active
TXN01731,ATM_PUN_005,Pune,27-04-2024 22:19,Cash Deposit,500,0,Semi-Urban,Saturday,328282,No,Active
TXN01732,ATM_PUN_005,Pune,19-01-2024 02:19,Balance Inquiry,20000,0,Semi-Urban,Friday,53596,Yes,Active
TXN01733,ATM_KOL_011,Kolkata,15-01-2025 06:39,Cash Withdrawal,2000,0,Urban,Wednesday,331412,No,Active
TXN01734,ATM_CHE_013,Chennai,29-09-2024 19:56,Cash Deposit,2000,55,Urban,Sunday,149603,No,Active
TXN01735,ATM_MUM_009,Mumbai,28-01-2025 05:14,Cash Withdrawal,1000,0,Rural,Tuesday,402275,No,Down
TXN01736,ATM_MUM_013,Mumbai,25-07-2024 19:14,Balance Inquiry,20000,0,Rural,Thursday,369759,No,Down
TXN01737,ATM_DEL_013,Delhi,25-06-2024 18:53,PIN Change,2000,96,Rural,Tuesday,441411,No,Active
TXN01738,ATM_HYD_011,Hyderabad,13-03-2024 16:59,Mini Statement,20000,0,Semi-Urban,Wednesday,154492,No,Active
TXN01739,ATM_HYD_002,Hyderabad,08-01-2024 13:10,Cash Withdrawal,5000,51,Semi-Urban,Monday,298259,No,Active
TXN01740,ATM_MUM_015,Mumbai,23-04-2025 01:31,Balance Inquiry,10000,0,Semi-Urban,Wednesday,369035,No,Active
TXN01741,ATM_PUN_010,Pune,22-02-2024 13:08,Mini Statement,15000,0,Semi-Urban,Thursday,58733,Yes,Active
TXN01742,ATM_KOL_007,Kolkata,10-09-2024 00:56,Cash Withdrawal,10000,0,Rural,Tuesday,100376,No,Active
TXN01743,ATM_MUM_013,Mumbai,28-12-2024 04:59,Balance Inquiry,1000,0,Rural,Saturday,68068,Yes,Active
TXN01744,ATM_PUN_004,Pune,11-05-2025 09:01,Mini Statement,5000,0,Urban,Sunday,108947,No,Active
TXN01745,ATM_DEL_013,Delhi,04-01-2025 12:07,Balance Inquiry,15000,0,Semi-Urban,Saturday,314829,No,Active
TXN01746,ATM_PUN_015,Pune,01-06-2024 10:47,Mini Statement,5000,0,Urban,Saturday,359729,No,Down
TXN01747,ATM_MUM_010,Mumbai,29-09-2024 15:27,Balance Inquiry,1000,51,Rural,Sunday,358195,No,Down
TXN01748,ATM_HYD_005,Hyderabad,21-12-2024 03:03,Cash Deposit,2000,0,Urban,Saturday,288757,No,Active
TXN01749,ATM_HYD_011,Hyderabad,19-11-2024 05:10,Cash Withdrawal,5000,0,Urban,Tuesday,178021,No,Active
TXN01750,ATM_PUN_006,Pune,22-08-2024 17:53,Balance Inquiry,1000,96,Rural,Thursday,462499,No,Down
TXN01751,ATM_DEL_001,Delhi,13-02-2025 05:24,Cash Withdrawal,15000,51,Urban,Thursday,400254,No,Active
TXN01752,ATM_CHE_005,Chennai,12-07-2024 16:53,Balance Inquiry,1000,0,Urban,Friday,369904,No,Active
TXN01753,ATM_BAN_002,Bangalore,19-02-2025 21:25,Cash Deposit,500,0,Rural,Wednesday,211233,No,Down
TXN01754,ATM_KOL_002,Kolkata,30-06-2024 13:11,PIN Change,2000,55,Urban,Sunday,293078,No,Active
TXN01755,ATM_BAN_007,Bangalore,23-08-2024 01:35,Cash Deposit,2000,0,Rural,Friday,234453,No,Active
TXN01756,ATM_CHE_010,Chennai,30-04-2024 23:14,Mini Statement,500,0,Urban,Tuesday,166918,No,Active
TXN01757,ATM_BAN_003,Bangalore,29-10-2024 10:36,Mini Statement,20000,0,Semi-Urban,Tuesday,138558,No,Active
TXN01758,ATM_MUM_002,Mumbai,30-01-2025 23:22,Balance Inquiry,500,0,Semi-Urban,Thursday,277927,No,Active
TXN01759,ATM_DEL_007,Delhi,26-02-2024 21:41,Mini Statement,15000,0,Rural,Monday,404125,No,Active
TXN01760,ATM_PUN_007,Pune,29-06-2024 10:20,Fund Transfer,500,0,Urban,Saturday,127643,No,Active
TXN01761,ATM_DEL_005,Delhi,17-03-2025 23:24,Cash Withdrawal,500,0,Urban,Monday,142173,No,Active
TXN01762,ATM_HYD_015,Hyderabad,14-10-2024 10:17,Cash Withdrawal,2000,0,Semi-Urban,Monday,83556,Yes,Down
TXN01763,ATM_CHE_011,Chennai,28-11-2024 21:18,Cash Withdrawal,2000,96,Urban,Thursday,290184,No,Active
TXN01764,ATM_HYD_015,Hyderabad,26-02-2025 00:52,Cash Deposit,20000,0,Rural,Wednesday,199590,No,Active
TXN01765,ATM_DEL_012,Delhi,10-10-2024 14:35,Cash Deposit,20000,51,Urban,Thursday,444517,No,Down
TXN01766,ATM_PUN_001,Pune,05-07-2024 07:28,Fund Transfer,20000,0,Rural,Friday,75104,Yes,Active
TXN01767,ATM_PUN_008,Pune,06-03-2025 15:26,PIN Change,15000,0,Urban,Thursday,88691,Yes,Active
TXN01768,ATM_PUN_008,Pune,05-09-2024 08:36,Fund Transfer,500,0,Rural,Thursday,406238,No,Down
TXN01769,ATM_PUN_006,Pune,02-08-2024 10:51,Cash Withdrawal,500,0,Rural,Friday,264546,No,Active
TXN01770,ATM_HYD_003,Hyderabad,03-02-2024 07:20,Cash Deposit,2000,0,Semi-Urban,Saturday,328179,No,Active
TXN01771,ATM_KOL_014,Kolkata,20-12-2024 07:50,PIN Change,15000,0,Rural,Friday,256518,No,Active
TXN01772,ATM_BAN_011,Bangalore,30-12-2024 20:34,Mini Statement,500,0,Urban,Monday,371424,No,Active
TXN01773,ATM_CHE_004,Chennai,19-04-2024 18:34,Fund Transfer,20000,0,Rural,Friday,347184,No,Down
TXN01774,ATM_BAN_014,Bangalore,30-03-2025 03:15,Balance Inquiry,20000,0,Urban,Sunday,342545,No,Active
TXN01775,ATM_DEL_005,Delhi,22-03-2025 06:38,Fund Transfer,1000,51,Urban,Saturday,484022,No,Active
TXN01776,ATM_BAN_003,Bangalore,26-09-2024 01:43,Balance Inquiry,500,0,Urban,Thursday,116199,No,Active
TXN01777,ATM_MUM_008,Mumbai,15-12-2024 01:13,Fund Transfer,20000,0,Rural,Sunday,147906,No,Down
TXN01778,ATM_KOL_012,Kolkata,01-03-2025 06:42,PIN Change,5000,0,Urban,Saturday,395618,No,Active
TXN01779,ATM_DEL_003,Delhi,01-03-2024 13:33,Fund Transfer,20000,0,Rural,Friday,264070,No,Active
TXN01780,ATM_KOL_011,Kolkata,31-08-2024 03:20,Cash Withdrawal,2000,0,Rural,Saturday,465382,No,Active
TXN01781,ATM_DEL_010,Delhi,09-08-2024 21:17,Cash Withdrawal,15000,0,Semi-Urban,Friday,480480,No,Active
TXN01782,ATM_KOL_007,Kolkata,18-08-2024 21:07,Balance Inquiry,20000,0,Rural,Sunday,371685,No,Active
TXN01783,ATM_DEL_011,Delhi,24-02-2024 11:47,Mini Statement,5000,51,Rural,Saturday,77905,Yes,Down
TXN01784,ATM_PUN_013,Pune,09-08-2024 22:08,Cash Withdrawal,15000,55,Semi-Urban,Friday,121330,No,Down
TXN01785,ATM_CHE_006,Chennai,25-06-2024 21:11,Cash Withdrawal,20000,0,Urban,Tuesday,298067,No,Active
TXN01786,ATM_BAN_012,Bangalore,10-03-2025 01:12,Cash Deposit,500,0,Semi-Urban,Monday,446425,No,Active
TXN01787,ATM_KOL_009,Kolkata,17-01-2025 02:40,PIN Change,20000,0,Rural,Friday,315531,No,Active
TXN01788,ATM_PUN_011,Pune,31-01-2025 08:47,PIN Change,10000,0,Urban,Friday,224078,No,Down
TXN01789,ATM_PUN_015,Pune,24-12-2024 11:59,Mini Statement,5000,0,Urban,Tuesday,122229,No,Active
TXN01790,ATM_DEL_010,Delhi,11-04-2024 05:07,Fund Transfer,15000,0,Urban,Thursday,387466,No,Active
TXN01791,ATM_MUM_005,Mumbai,14-09-2024 01:50,Balance Inquiry,10000,0,Urban,Saturday,330596,No,Active
TXN01792,ATM_KOL_012,Kolkata,06-08-2024 22:40,PIN Change,10000,0,Semi-Urban,Tuesday,291846,No,Active
TXN01793,ATM_DEL_012,Delhi,22-03-2024 00:59,Balance Inquiry,10000,0,Semi-Urban,Friday,258863,No,Down
TXN01794,ATM_MUM_006,Mumbai,11-11-2024 18:43,Mini Statement,500,0,Rural,Monday,237090,No,Active
TXN01795,ATM_MUM_011,Mumbai,25-09-2024 12:25,Cash Deposit,15000,0,Urban,Wednesday,150781,No,Active
TXN01796,ATM_DEL_006,Delhi,15-07-2024 12:25,PIN Change,5000,0,Urban,Monday,102408,No,Active
TXN01797,ATM_BAN_013,Bangalore,06-12-2024 05:47,Mini Statement,20000,0,Urban,Friday,403977,No,Active
TXN01798,ATM_KOL_002,Kolkata,06-02-2025 13:48,Cash Withdrawal,20000,0,Rural,Thursday,283747,No,Down
TXN01799,ATM_HYD_014,Hyderabad,14-05-2024 11:33,Fund Transfer,500,0,Rural,Tuesday,66457,Yes,Down
TXN01800,ATM_CHE_006,Chennai,19-10-2024 23:48,Fund Transfer,20000,0,Semi-Urban,Saturday,209678,No,Down
TXN01801,ATM_CHE_007,Chennai,24-01-2024 10:33,Fund Transfer,10000,55,Semi-Urban,Wednesday,266820,No,Down
TXN01802,ATM_KOL_008,Kolkata,29-01-2024 22:48,Mini Statement,2000,0,Semi-Urban,Monday,168794,No,Active
TXN01803,ATM_MUM_001,Mumbai,12-03-2024 15:56,Cash Withdrawal,20000,0,Rural,Tuesday,137292,No,Active
TXN01804,ATM_CHE_012,Chennai,16-12-2024 07:06,Mini Statement,500,0,Semi-Urban,Monday,103701,No,Active
TXN01805,ATM_HYD_003,Hyderabad,24-03-2025 20:39,PIN Change,2000,0,Rural,Monday,459945,No,Active
TXN01806,ATM_MUM_005,Mumbai,23-04-2025 17:38,PIN Change,5000,0,Rural,Wednesday,293386,No,Active
TXN01807,ATM_BAN_007,Bangalore,17-12-2024 17:35,Fund Transfer,500,0,Urban,Tuesday,303352,No,Active
TXN01808,ATM_BAN_010,Bangalore,16-01-2025 23:08,Cash Withdrawal,10000,0,Rural,Thursday,284789,No,Active
TXN01809,ATM_PUN_009,Pune,15-10-2024 04:41,PIN Change,20000,0,Semi-Urban,Tuesday,400917,No,Active
TXN01810,ATM_MUM_012,Mumbai,29-07-2024 05:37,Cash Withdrawal,10000,0,Rural,Monday,454371,No,Active
TXN01811,ATM_HYD_003,Hyderabad,07-12-2024 06:50,Fund Transfer,5000,0,Urban,Saturday,307526,No,Down
TXN01812,ATM_PUN_002,Pune,08-07-2024 15:22,Fund Transfer,1000,0,Rural,Monday,244234,No,Active
TXN01813,ATM_KOL_003,Kolkata,25-02-2025 06:31,Cash Withdrawal,15000,0,Semi-Urban,Tuesday,233357,No,Active
TXN01814,ATM_KOL_013,Kolkata,15-05-2025 02:23,PIN Change,1000,0,Rural,Thursday,426986,No,Active
TXN01815,ATM_MUM_015,Mumbai,25-09-2024 16:46,Balance Inquiry,10000,0,Urban,Wednesday,256451,No,Down
TXN01816,ATM_DEL_013,Delhi,06-01-2024 04:49,Mini Statement,500,0,Rural,Saturday,247376,No,Down
TXN01817,ATM_MUM_012,Mumbai,12-05-2024 21:12,Fund Transfer,20000,55,Semi-Urban,Sunday,359803,No,Active
TXN01818,ATM_KOL_012,Kolkata,07-02-2024 23:30,Fund Transfer,1000,0,Urban,Wednesday,496751,No,Down
TXN01819,ATM_HYD_014,Hyderabad,20-03-2025 20:36,Cash Deposit,5000,55,Rural,Thursday,486553,No,Active
TXN01820,ATM_KOL_003,Kolkata,29-01-2025 06:28,Fund Transfer,2000,0,Urban,Wednesday,167147,No,Active
TXN01821,ATM_PUN_007,Pune,16-10-2024 18:55,Cash Deposit,15000,0,Urban,Wednesday,364699,No,Active
TXN01822,ATM_BAN_012,Bangalore,16-11-2024 09:03,Fund Transfer,5000,0,Rural,Saturday,84426,Yes,Active
TXN01823,ATM_KOL_005,Kolkata,11-06-2024 05:09,Cash Deposit,5000,96,Rural,Tuesday,139888,No,Active
TXN01824,ATM_DEL_003,Delhi,25-05-2024 20:53,Cash Withdrawal,2000,0,Semi-Urban,Saturday,325204,No,Down
TXN01825,ATM_KOL_013,Kolkata,30-12-2024 04:08,Cash Withdrawal,1000,0,Rural,Monday,484864,No,Active
TXN01826,ATM_KOL_011,Kolkata,20-06-2024 14:02,Mini Statement,15000,0,Urban,Thursday,319733,No,Active
TXN01827,ATM_HYD_007,Hyderabad,24-12-2024 20:33,Cash Withdrawal,2000,0,Urban,Tuesday,225453,No,Active
TXN01828,ATM_KOL_014,Kolkata,19-01-2025 09:52,Cash Withdrawal,15000,0,Urban,Sunday,264773,No,Active
TXN01829,ATM_MUM_013,Mumbai,30-05-2024 19:26,Mini Statement,10000,0,Rural,Thursday,343145,No,Down
TXN01830,ATM_DEL_003,Delhi,09-01-2024 05:33,Cash Deposit,15000,0,Semi-Urban,Tuesday,184572,No,Down
TXN01831,ATM_PUN_014,Pune,27-03-2025 06:18,Balance Inquiry,20000,0,Urban,Thursday,375477,No,Down
TXN01832,ATM_PUN_005,Pune,30-03-2025 23:11,Cash Deposit,15000,0,Rural,Sunday,417206,No,Active
TXN01833,ATM_BAN_003,Bangalore,23-02-2024 14:46,Cash Deposit,20000,0,Semi-Urban,Friday,418763,No,Down
TXN01834,ATM_PUN_015,Pune,19-11-2024 07:30,Mini Statement,1000,0,Urban,Tuesday,386687,No,Active
TXN01835,ATM_KOL_014,Kolkata,14-05-2025 03:47,Cash Withdrawal,10000,0,Urban,Wednesday,287071,No,Active
TXN01836,ATM_CHE_013,Chennai,07-11-2024 11:41,Cash Withdrawal,10000,0,Semi-Urban,Thursday,233733,No,Down
TXN01837,ATM_DEL_013,Delhi,06-12-2024 12:03,PIN Change,2000,0,Semi-Urban,Friday,144303,No,Active
TXN01838,ATM_HYD_014,Hyderabad,29-10-2024 19:07,Mini Statement,500,0,Rural,Tuesday,200600,No,Active
TXN01839,ATM_HYD_004,Hyderabad,11-07-2024 11:08,PIN Change,10000,0,Semi-Urban,Thursday,237545,No,Active
TXN01840,ATM_KOL_015,Kolkata,24-06-2024 06:23,Cash Withdrawal,2000,0,Rural,Monday,384507,No,Down
TXN01841,ATM_DEL_009,Delhi,07-03-2024 05:42,Cash Deposit,10000,0,Rural,Thursday,485522,No,Active
TXN01842,ATM_DEL_006,Delhi,22-03-2024 22:25,Mini Statement,2000,0,Rural,Friday,239573,No,Active
TXN01843,ATM_MUM_004,Mumbai,09-09-2024 03:50,Mini Statement,5000,0,Semi-Urban,Monday,388774,No,Active
TXN01844,ATM_BAN_007,Bangalore,05-03-2025 04:23,Fund Transfer,500,0,Semi-Urban,Wednesday,253803,No,Active
TXN01845,ATM_HYD_014,Hyderabad,30-04-2025 20:27,Cash Withdrawal,20000,55,Urban,Wednesday,281125,No,Down
TXN01846,ATM_CHE_007,Chennai,26-07-2024 12:57,Fund Transfer,500,0,Rural,Friday,162005,No,Active
TXN01847,ATM_CHE_005,Chennai,29-04-2025 17:42,Balance Inquiry,5000,51,Urban,Tuesday,301471,No,Down
TXN01848,ATM_CHE_011,Chennai,23-03-2024 15:33,PIN Change,500,0,Semi-Urban,Saturday,113730,No,Active
TXN01849,ATM_HYD_008,Hyderabad,24-11-2024 15:58,Cash Deposit,10000,55,Urban,Sunday,422216,No,Down
TXN01850,ATM_BAN_003,Bangalore,31-03-2025 07:56,Mini Statement,500,0,Urban,Monday,216156,No,Active
TXN01851,ATM_KOL_001,Kolkata,21-04-2024 16:58,Balance Inquiry,10000,0,Semi-Urban,Sunday,316685,No,Active
TXN01852,ATM_DEL_003,Delhi,30-01-2024 03:20,Cash Withdrawal,20000,0,Semi-Urban,Tuesday,173267,No,Active
TXN01853,ATM_CHE_001,Chennai,24-11-2024 10:34,PIN Change,1000,0,Semi-Urban,Sunday,319524,No,Active
TXN01854,ATM_MUM_009,Mumbai,31-01-2024 10:56,Cash Deposit,500,55,Semi-Urban,Wednesday,204214,No,Active
TXN01855,ATM_KOL_008,Kolkata,15-04-2024 02:52,Cash Deposit,5000,96,Semi-Urban,Monday,249094,No,Active
TXN01856,ATM_DEL_004,Delhi,15-06-2024 07:47,Balance Inquiry,500,0,Rural,Saturday,84066,Yes,Active
TXN01857,ATM_BAN_003,Bangalore,16-07-2024 04:22,Fund Transfer,10000,0,Rural,Tuesday,473307,No,Down
TXN01858,ATM_MUM_004,Mumbai,05-09-2024 04:33,Mini Statement,10000,0,Urban,Thursday,77519,Yes,Down
TXN01859,ATM_KOL_007,Kolkata,15-05-2025 02:15,Fund Transfer,10000,0,Rural,Thursday,85929,Yes,Active
TXN01860,ATM_DEL_008,Delhi,30-06-2024 22:13,Fund Transfer,20000,51,Rural,Sunday,413374,No,Active
TXN01861,ATM_PUN_008,Pune,17-02-2024 17:55,Mini Statement,1000,55,Semi-Urban,Saturday,74300,Yes,Active
TXN01862,ATM_BAN_008,Bangalore,13-11-2024 01:28,Fund Transfer,20000,0,Semi-Urban,Wednesday,327697,No,Active
TXN01863,ATM_HYD_010,Hyderabad,30-04-2024 21:09,Mini Statement,2000,0,Semi-Urban,Tuesday,498695,No,Down
TXN01864,ATM_DEL_014,Delhi,09-02-2025 22:36,Cash Deposit,15000,0,Rural,Sunday,259566,No,Down
TXN01865,ATM_KOL_009,Kolkata,23-03-2025 06:07,PIN Change,500,0,Semi-Urban,Sunday,255614,No,Down
TXN01866,ATM_KOL_010,Kolkata,28-11-2024 19:48,Balance Inquiry,5000,96,Rural,Thursday,229932,No,Active
TXN01867,ATM_MUM_002,Mumbai,02-09-2024 06:20,Mini Statement,500,51,Rural,Monday,491385,No,Active
TXN01868,ATM_PUN_009,Pune,08-09-2024 18:37,PIN Change,10000,0,Urban,Sunday,344778,No,Down
TXN01869,ATM_KOL_002,Kolkata,30-04-2025 18:46,Mini Statement,1000,0,Rural,Wednesday,100597,No,Down
TXN01870,ATM_HYD_002,Hyderabad,04-05-2025 08:42,Mini Statement,1000,0,Semi-Urban,Sunday,456339,No,Down
TXN01871,ATM_PUN_004,Pune,23-08-2024 10:02,Fund Transfer,5000,0,Urban,Friday,405711,No,Active
TXN01872,ATM_MUM_007,Mumbai,11-10-2024 02:39,Balance Inquiry,20000,0,Rural,Friday,176424,No,Active
TXN01873,ATM_BAN_011,Bangalore,30-03-2025 12:52,Balance Inquiry,10000,0,Rural,Sunday,409875,No,Active
TXN01874,ATM_BAN_013,Bangalore,08-12-2024 12:15,Cash Deposit,2000,0,Urban,Sunday,112745,No,Active
TXN01875,ATM_DEL_002,Delhi,05-04-2025 13:59,Cash Deposit,2000,96,Rural,Saturday,279308,No,Active
TXN01876,ATM_PUN_014,Pune,13-05-2024 19:50,Mini Statement,10000,0,Rural,Monday,498265,No,Down
TXN01877,ATM_DEL_011,Delhi,02-02-2024 02:08,Cash Withdrawal,500,0,Semi-Urban,Friday,477856,No,Active
TXN01878,ATM_HYD_013,Hyderabad,11-01-2024 20:42,Balance Inquiry,5000,0,Rural,Thursday,147158,No,Active
TXN01879,ATM_CHE_015,Chennai,20-02-2025 11:34,Fund Transfer,5000,0,Urban,Thursday,345334,No,Active
TXN01880,ATM_KOL_005,Kolkata,21-09-2024 20:36,Mini Statement,15000,0,Urban,Saturday,163719,No,Active
TXN01881,ATM_DEL_011,Delhi,08-11-2024 20:59,PIN Change,1000,0,Rural,Friday,224094,No,Down
TXN01882,ATM_HYD_002,Hyderabad,24-01-2024 18:45,PIN Change,5000,0,Rural,Wednesday,261150,No,Active
TXN01883,ATM_DEL_002,Delhi,28-03-2025 07:38,PIN Change,10000,0,Rural,Friday,199174,No,Active
TXN01884,ATM_HYD_011,Hyderabad,09-03-2025 11:55,Balance Inquiry,5000,0,Semi-Urban,Sunday,440367,No,Active
TXN01885,ATM_HYD_010,Hyderabad,01-12-2024 13:17,Cash Withdrawal,20000,0,Rural,Sunday,74384,Yes,Active
TXN01886,ATM_BAN_014,Bangalore,27-06-2024 08:33,Balance Inquiry,1000,55,Rural,Thursday,155728,No,Active
TXN01887,ATM_BAN_005,Bangalore,01-04-2024 13:47,Mini Statement,5000,0,Urban,Monday,98901,Yes,Down
TXN01888,ATM_HYD_012,Hyderabad,02-09-2024 01:57,Cash Deposit,500,0,Semi-Urban,Monday,407556,No,Active
TXN01889,ATM_DEL_012,Delhi,02-01-2025 09:45,Cash Deposit,10000,0,Semi-Urban,Thursday,158962,No,Down
TXN01890,ATM_PUN_003,Pune,10-02-2024 00:40,Mini Statement,2000,0,Urban,Saturday,123107,No,Active
TXN01891,ATM_DEL_002,Delhi,27-01-2024 16:09,Fund Transfer,10000,0,Urban,Saturday,165428,No,Active
TXN01892,ATM_CHE_013,Chennai,09-12-2024 00:00,Balance Inquiry,2000,0,Semi-Urban,Monday,310834,No,Active
TXN01893,ATM_PUN_008,Pune,14-09-2024 07:08,Cash Withdrawal,2000,0,Urban,Saturday,302888,No,Down
TXN01894,ATM_BAN_009,Bangalore,07-02-2025 10:30,Balance Inquiry,2000,96,Rural,Friday,157202,No,Active
TXN01895,ATM_MUM_007,Mumbai,08-10-2024 22:07,Cash Deposit,10000,0,Urban,Tuesday,469078,No,Active
TXN01896,ATM_KOL_010,Kolkata,23-04-2024 09:13,Fund Transfer,15000,96,Rural,Tuesday,116874,No,Active
TXN01897,ATM_CHE_003,Chennai,06-05-2025 02:03,Mini Statement,1000,55,Rural,Tuesday,187859,No,Active
TXN01898,ATM_MUM_013,Mumbai,27-04-2025 04:29,Mini Statement,10000,0,Urban,Sunday,275327,No,Active
TXN01899,ATM_MUM_010,Mumbai,19-04-2024 23:45,Balance Inquiry,1000,0,Semi-Urban,Friday,122553,No,Active
TXN01900,ATM_BAN_010,Bangalore,28-03-2024 17:12,Mini Statement,2000,0,Rural,Thursday,488832,No,Down
TXN01901,ATM_KOL_003,Kolkata,21-01-2024 02:03,Mini Statement,2000,0,Semi-Urban,Sunday,325389,No,Active
TXN01902,ATM_CHE_007,Chennai,11-10-2024 07:57,PIN Change,1000,0,Rural,Friday,316878,No,Active
TXN01903,ATM_PUN_013,Pune,09-02-2025 01:05,Cash Withdrawal,5000,0,Urban,Sunday,340375,No,Active
TXN01904,ATM_MUM_003,Mumbai,18-01-2025 06:23,Fund Transfer,1000,55,Urban,Saturday,77168,Yes,Active
TXN01905,ATM_BAN_015,Bangalore,07-10-2024 22:09,Balance Inquiry,500,0,Rural,Monday,96989,Yes,Active
TXN01906,ATM_KOL_010,Kolkata,10-07-2024 12:55,Balance Inquiry,2000,0,Urban,Wednesday,90674,Yes,Active
TXN01907,ATM_KOL_012,Kolkata,17-04-2024 14:04,Cash Deposit,1000,51,Urban,Wednesday,267838,No,Active
TXN01908,ATM_KOL_006,Kolkata,05-03-2025 12:34,Fund Transfer,1000,0,Urban,Wednesday,338729,No,Active
TXN01909,ATM_PUN_001,Pune,14-12-2024 01:43,Cash Withdrawal,15000,55,Semi-Urban,Saturday,237495,No,Active
TXN01910,ATM_KOL_008,Kolkata,16-01-2024 09:40,PIN Change,20000,0,Semi-Urban,Tuesday,391373,No,Active
TXN01911,ATM_MUM_006,Mumbai,18-11-2024 15:03,Mini Statement,15000,0,Rural,Monday,115360,No,Active
TXN01912,ATM_MUM_003,Mumbai,02-09-2024 19:45,Mini Statement,5000,0,Urban,Monday,384655,No,Active
TXN01913,ATM_CHE_010,Chennai,16-07-2024 11:58,Cash Withdrawal,10000,55,Semi-Urban,Tuesday,225404,No,Down
TXN01914,ATM_PUN_005,Pune,05-06-2024 00:03,Cash Withdrawal,2000,0,Rural,Wednesday,134486,No,Active
TXN01915,ATM_DEL_006,Delhi,20-04-2024 01:18,Cash Deposit,5000,0,Rural,Saturday,269311,No,Active
TXN01916,ATM_KOL_002,Kolkata,05-01-2025 14:07,Mini Statement,10000,0,Urban,Sunday,493659,No,Down
TXN01917,ATM_BAN_003,Bangalore,12-03-2024 09:58,PIN Change,2000,0,Semi-Urban,Tuesday,496083,No,Down
TXN01918,ATM_PUN_007,Pune,04-08-2024 22:14,Cash Withdrawal,15000,0,Semi-Urban,Sunday,175543,No,Active
TXN01919,ATM_PUN_015,Pune,06-04-2025 05:29,Cash Withdrawal,1000,0,Semi-Urban,Sunday,181827,No,Active
TXN01920,ATM_HYD_012,Hyderabad,18-02-2024 20:04,Fund Transfer,500,0,Urban,Sunday,249227,No,Active
TXN01921,ATM_KOL_008,Kolkata,15-07-2024 06:34,Mini Statement,2000,0,Semi-Urban,Monday,472160,No,Active
TXN01922,ATM_DEL_013,Delhi,25-12-2024 05:02,Cash Deposit,500,55,Rural,Wednesday,364708,No,Down
TXN01923,ATM_KOL_004,Kolkata,20-04-2024 17:38,Cash Deposit,500,0,Rural,Saturday,206901,No,Down
TXN01924,ATM_CHE_003,Chennai,02-07-2024 10:41,PIN Change,10000,0,Rural,Tuesday,281465,No,Active
TXN01925,ATM_CHE_001,Chennai,10-02-2024 16:11,Mini Statement,20000,0,Semi-Urban,Saturday,224828,No,Active
TXN01926,ATM_DEL_011,Delhi,08-12-2024 16:19,Fund Transfer,10000,0,Urban,Sunday,375223,No,Active
TXN01927,ATM_DEL_008,Delhi,07-07-2024 05:47,Cash Withdrawal,15000,0,Urban,Sunday,232444,No,Active
TXN01928,ATM_BAN_002,Bangalore,11-01-2025 07:28,Balance Inquiry,10000,55,Urban,Saturday,64055,Yes,Down
TXN01929,ATM_PUN_012,Pune,11-04-2025 19:39,PIN Change,10000,0,Urban,Friday,456966,No,Active
TXN01930,ATM_HYD_003,Hyderabad,06-11-2024 17:31,Cash Withdrawal,1000,0,Urban,Wednesday,307356,No,Down
TXN01931,ATM_DEL_004,Delhi,01-03-2025 23:28,Fund Transfer,10000,0,Rural,Saturday,432445,No,Down
TXN01932,ATM_HYD_011,Hyderabad,26-02-2025 15:15,Cash Deposit,500,55,Semi-Urban,Wednesday,211298,No,Active
TXN01933,ATM_KOL_010,Kolkata,30-03-2024 12:28,Cash Deposit,15000,0,Rural,Saturday,295239,No,Down
TXN01934,ATM_CHE_008,Chennai,10-05-2025 13:37,PIN Change,2000,0,Urban,Saturday,423011,No,Active
TXN01935,ATM_HYD_005,Hyderabad,25-02-2025 06:29,Balance Inquiry,10000,0,Semi-Urban,Tuesday,139195,No,Down
TXN01936,ATM_CHE_001,Chennai,31-07-2024 05:44,Mini Statement,10000,0,Urban,Wednesday,79371,Yes,Down
TXN01937,ATM_MUM_010,Mumbai,25-02-2025 04:56,Cash Withdrawal,2000,0,Rural,Tuesday,172312,No,Active
TXN01938,ATM_MUM_003,Mumbai,10-12-2024 12:46,PIN Change,5000,55,Urban,Tuesday,319159,No,Down
TXN01939,ATM_KOL_011,Kolkata,14-04-2025 01:23,Fund Transfer,15000,0,Semi-Urban,Monday,285282,No,Down
TXN01940,ATM_DEL_012,Delhi,06-03-2025 02:16,Cash Withdrawal,2000,0,Urban,Thursday,298311,No,Active
TXN01941,ATM_BAN_008,Bangalore,05-05-2025 13:29,Cash Deposit,5000,51,Rural,Monday,426514,No,Down
TXN01942,ATM_PUN_015,Pune,24-11-2024 20:19,Mini Statement,20000,0,Urban,Sunday,356439,No,Down
TXN01943,ATM_KOL_004,Kolkata,15-11-2024 23:20,Mini Statement,10000,0,Semi-Urban,Friday,160656,No,Active
TXN01944,ATM_KOL_009,Kolkata,05-08-2024 15:17,Cash Withdrawal,1000,0,Rural,Monday,288183,No,Active
TXN01945,ATM_CHE_001,Chennai,16-03-2025 08:19,Mini Statement,1000,96,Semi-Urban,Sunday,106001,No,Active
TXN01946,ATM_CHE_008,Chennai,28-10-2024 09:24,Fund Transfer,1000,0,Rural,Monday,289272,No,Active
TXN01947,ATM_CHE_011,Chennai,21-01-2024 03:34,Cash Deposit,5000,0,Semi-Urban,Sunday,214832,No,Active
TXN01948,ATM_MUM_008,Mumbai,27-01-2024 20:16,Cash Withdrawal,500,0,Semi-Urban,Saturday,455996,No,Down
TXN01949,ATM_CHE_002,Chennai,19-03-2025 02:13,Cash Deposit,15000,0,Rural,Wednesday,278002,No,Active
TXN01950,ATM_PUN_002,Pune,07-06-2024 20:38,Fund Transfer,500,0,Rural,Friday,266256,No,Down
TXN01951,ATM_BAN_015,Bangalore,14-06-2024 20:09,PIN Change,1000,0,Urban,Friday,298100,No,Active
TXN01952,ATM_CHE_001,Chennai,14-02-2024 12:12,Cash Deposit,1000,0,Semi-Urban,Wednesday,353385,No,Active
TXN01953,ATM_PUN_008,Pune,13-02-2024 23:03,Balance Inquiry,1000,51,Urban,Tuesday,223017,No,Down
TXN01954,ATM_PUN_015,Pune,04-05-2024 02:55,Cash Deposit,20000,0,Semi-Urban,Saturday,386099,No,Down
TXN01955,ATM_BAN_009,Bangalore,05-05-2025 01:25,Mini Statement,5000,0,Rural,Monday,54378,Yes,Down
TXN01956,ATM_KOL_001,Kolkata,10-05-2024 19:38,Balance Inquiry,1000,0,Rural,Friday,397730,No,Down
TXN01957,ATM_CHE_002,Chennai,05-04-2025 01:10,Mini Statement,15000,0,Urban,Saturday,355396,No,Active
TXN01958,ATM_MUM_004,Mumbai,18-02-2024 23:42,PIN Change,5000,55,Rural,Sunday,437344,No,Down
TXN01959,ATM_PUN_001,Pune,07-02-2024 14:40,PIN Change,5000,96,Urban,Wednesday,375217,No,Down
TXN01960,ATM_MUM_008,Mumbai,03-10-2024 11:49,Balance Inquiry,1000,0,Rural,Thursday,57485,Yes,Active
TXN01961,ATM_KOL_007,Kolkata,03-05-2024 15:30,Mini Statement,500,0,Rural,Friday,166125,No,Active
TXN01962,ATM_BAN_003,Bangalore,22-10-2024 02:10,Fund Transfer,500,55,Rural,Tuesday,109711,No,Active
TXN01963,ATM_CHE_010,Chennai,13-02-2025 06:22,Cash Deposit,15000,0,Semi-Urban,Thursday,171271,No,Down
TXN01964,ATM_DEL_001,Delhi,19-05-2024 08:09,Cash Deposit,5000,0,Rural,Sunday,401446,No,Active
TXN01965,ATM_HYD_013,Hyderabad,25-02-2024 07:26,Mini Statement,1000,0,Urban,Sunday,78159,Yes,Down
TXN01966,ATM_BAN_006,Bangalore,08-04-2025 02:55,Cash Deposit,5000,0,Semi-Urban,Tuesday,222626,No,Down
TXN01967,ATM_BAN_011,Bangalore,22-08-2024 11:30,Cash Withdrawal,10000,0,Semi-Urban,Thursday,275182,No,Down
TXN01968,ATM_HYD_011,Hyderabad,26-02-2025 03:44,Cash Deposit,500,0,Semi-Urban,Wednesday,289456,No,Down
TXN01969,ATM_MUM_010,Mumbai,09-02-2024 23:01,Cash Withdrawal,1000,0,Semi-Urban,Friday,421585,No,Active
TXN01970,ATM_BAN_002,Bangalore,05-09-2024 13:04,Mini Statement,500,96,Semi-Urban,Thursday,152491,No,Down
TXN01971,ATM_MUM_008,Mumbai,08-03-2024 13:39,Cash Withdrawal,5000,0,Rural,Friday,375058,No,Active
TXN01972,ATM_MUM_009,Mumbai,01-01-2025 20:29,Cash Withdrawal,2000,0,Rural,Wednesday,463770,No,Active
TXN01973,ATM_KOL_008,Kolkata,03-07-2024 10:40,Cash Withdrawal,2000,0,Urban,Wednesday,235579,No,Active
TXN01974,ATM_MUM_009,Mumbai,14-05-2025 10:26,Cash Deposit,2000,0,Semi-Urban,Wednesday,461120,No,Down
TXN01975,ATM_KOL_008,Kolkata,22-04-2025 11:57,Fund Transfer,5000,0,Rural,Tuesday,311007,No,Active
TXN01976,ATM_CHE_001,Chennai,22-07-2024 18:44,PIN Change,500,0,Semi-Urban,Monday,491095,No,Active
TXN01977,ATM_MUM_011,Mumbai,04-05-2024 08:59,PIN Change,1000,0,Semi-Urban,Saturday,239075,No,Active
TXN01978,ATM_CHE_001,Chennai,23-11-2024 14:37,Cash Withdrawal,20000,0,Rural,Saturday,137686,No,Active
TXN01979,ATM_HYD_003,Hyderabad,05-04-2024 06:06,PIN Change,20000,0,Urban,Friday,264794,No,Active
TXN01980,ATM_HYD_006,Hyderabad,23-01-2025 15:22,Cash Withdrawal,1000,0,Rural,Thursday,405871,No,Active
TXN01981,ATM_KOL_014,Kolkata,28-10-2024 14:51,PIN Change,1000,0,Urban,Monday,383883,No,Active
TXN01982,ATM_DEL_012,Delhi,17-12-2024 12:21,Cash Deposit,500,0,Rural,Tuesday,351035,No,Active
TXN01983,ATM_KOL_012,Kolkata,09-07-2024 07:48,Mini Statement,5000,0,Urban,Tuesday,230577,No,Down
TXN01984,ATM_CHE_009,Chennai,13-11-2024 21:24,Balance Inquiry,20000,0,Urban,Wednesday,176666,No,Active
TXN01985,ATM_CHE_001,Chennai,20-07-2024 00:51,Cash Deposit,5000,0,Urban,Saturday,369663,No,Active
TXN01986,ATM_HYD_014,Hyderabad,07-06-2024 18:43,Balance Inquiry,2000,0,Semi-Urban,Friday,207422,No,Active
TXN01987,ATM_HYD_011,Hyderabad,21-02-2025 11:01,Fund Transfer,15000,0,Urban,Friday,154437,No,Active
TXN01988,ATM_BAN_003,Bangalore,12-04-2025 04:42,Mini Statement,1000,0,Urban,Saturday,356647,No,Active
TXN01989,ATM_BAN_002,Bangalore,01-09-2024 21:57,Balance Inquiry,2000,0,Rural,Sunday,206775,No,Active
TXN01990,ATM_HYD_005,Hyderabad,14-06-2024 04:31,Mini Statement,1000,0,Urban,Friday,315700,No,Down
TXN01991,ATM_DEL_012,Delhi,15-05-2025 02:51,Balance Inquiry,20000,0,Urban,Thursday,403330,No,Active
TXN01992,ATM_CHE_010,Chennai,10-07-2024 03:02,Mini Statement,20000,55,Semi-Urban,Wednesday,191498,No,Active
TXN01993,ATM_HYD_015,Hyderabad,09-03-2024 07:17,Mini Statement,1000,0,Semi-Urban,Saturday,79221,Yes,Active
TXN01994,ATM_CHE_013,Chennai,27-03-2024 08:52,PIN Change,2000,0,Rural,Wednesday,242514,No,Active
TXN01995,ATM_BAN_005,Bangalore,04-06-2024 23:31,Mini Statement,15000,0,Urban,Tuesday,262385,No,Active
TXN01996,ATM_MUM_010,Mumbai,03-04-2025 06:43,Fund Transfer,5000,55,Semi-Urban,Thursday,477667,No,Down
TXN01997,ATM_KOL_006,Kolkata,17-05-2024 21:38,Balance Inquiry,10000,51,Semi-Urban,Friday,262470,No,Active
TXN01998,ATM_CHE_004,Chennai,16-04-2025 17:31,Cash Withdrawal,500,0,Semi-Urban,Wednesday,121208,No,Down
TXN01999,ATM_HYD_004,Hyderabad,13-05-2025 03:04,Fund Transfer,5000,0,Rural,Tuesday,352819,No,Active
TXN02000,ATM_MUM_009,Mumbai,27-02-2024 03:34,Cash Withdrawal,500,0,Semi-Urban,Tuesday,311882,No,Active
